case_id,y_true,prediction,probability,model,model_type,dataset_split,threshold,sprint
test_case_0,False,False,0.41458054866683414,Random Forest no-leakage,black_box,test,0.5,sprint3
test_case_1,True,False,0.344308818261264,Random Forest no-leakage,black_box,test,0.5,sprint3
test_case_2,False,False,0.4155558423433797,Random Forest no-leakage,black_box,test,0.5,sprint3
test_case_3,True,False,0.3768185861801409,Random Forest no-leakage,black_box,test,0.5,sprint3
test_case_4,False,False,0.35459219983382845,Random Forest no-leakage,black_box,test,0.5,sprint3
test_case_5,False,True,0.5051080783265605,Random Forest no-leakage,black_box,test,0.5,sprint3
test_case_6,False,False,0.40566354897598045,Random Forest no-leakage,black_box,test,0.5,sprint3
test_case_7,False,False,0.36196165110465656,Random Forest no-leakage,black_box,test,0.5,sprint3
test_case_8,True,False,0.41042733224502675,Random Forest no-leakage,black_box,test,0.5,sprint3
test_case_9,True,False,0.3934654035285968,Random Forest no-leakage,black_box,test,0.5,sprint3
test_case_10,True,False,0.42008594920139997,Random Forest no-leakage,black_box,test,0.5,sprint3
test_case_11,False,False,0.374021457634025,Random Forest no-leakage,black_box,test,0.5,sprint3
test_case_12,False,False,0.27827079523244724,Random Forest no-leakage,black_box,test,0.5,sprint3
test_case_13,True,True,0.5359734078688146,Random Forest no-leakage,black_box,test,0.5,sprint3
test_case_14,False,False,0.44414154925786675,Random Forest no-leakage,black_box,test,0.5,sprint3
test_case_15,False,False,0.38336952860895446,Random Forest no-leakage,black_box,test,0.5,sprint3
test_case_16,False,False,0.3910473077751919,Random Forest no-leakage,black_box,test,0.5,sprint3
test_case_17,False,False,0.2921367515966258,Random Forest no-leakage,black_box,test,0.5,sprint3
test_case_18,False,False,0.3061501963114075,Random Forest no-leakage,black_box,test,0.5,sprint3
test_case_19,False,False,0.4202048968432567,Random Forest no-leakage,black_box,test,0.5,sprint3
test_case_20,True,False,0.4207817127329915,Random Forest no-leakage,black_box,test,0.5,sprint3
test_case_21,False,False,0.45685091149174434,Random Forest no-leakage,black_box,test,0.5,sprint3
test_case_22,False,False,0.4308391664495166,Random Forest no-leakage,black_box,test,0.5,sprint3
test_case_23,False,False,0.2881502650214205,Random Forest no-leakage,black_box,test,0.5,sprint3
test_case_24,False,False,0.3855132494283318,Random Forest no-leakage,black_box,test,0.5,sprint3
test_case_25,False,False,0.3254921516059804,Random Forest no-leakage,black_box,test,0.5,sprint3
test_case_26,False,False,0.33642342291329946,Random Forest no-leakage,black_box,test,0.5,sprint3
test_case_27,True,True,0.5482557489076081,Random Forest no-leakage,black_box,test,0.5,sprint3
test_case_28,False,False,0.43156576458914786,Random Forest no-leakage,black_box,test,0.5,sprint3
test_case_29,False,False,0.3877883530574058,Random Forest no-leakage,black_box,test,0.5,sprint3
test_case_30,False,False,0.4635105841032672,Random Forest no-leakage,black_box,test,0.5,sprint3
test_case_31,True,False,0.473782320249741,Random Forest no-leakage,black_box,test,0.5,sprint3
test_case_32,True,False,0.43115221538994086,Random Forest no-leakage,black_box,test,0.5,sprint3
test_case_33,False,False,0.3437328243966117,Random Forest no-leakage,black_box,test,0.5,sprint3
test_case_34,True,False,0.46014695349350154,Random Forest no-leakage,black_box,test,0.5,sprint3
test_case_35,True,False,0.44129231593454776,Random Forest no-leakage,black_box,test,0.5,sprint3
test_case_36,False,False,0.421266904430517,Random Forest no-leakage,black_box,test,0.5,sprint3
test_case_37,True,False,0.4444376717417161,Random Forest no-leakage,black_box,test,0.5,sprint3
test_case_38,False,False,0.37329632834514614,Random Forest no-leakage,black_box,test,0.5,sprint3
test_case_39,False,False,0.4172314546618594,Random Forest no-leakage,black_box,test,0.5,sprint3
test_case_40,True,True,0.5398735397269199,Random Forest no-leakage,black_box,test,0.5,sprint3
test_case_41,False,False,0.41210455665252527,Random Forest no-leakage,black_box,test,0.5,sprint3
test_case_42,True,True,0.9072916981364986,Random Forest no-leakage,black_box,test,0.5,sprint3
test_case_43,True,True,0.8874192279570682,Random Forest no-leakage,black_box,test,0.5,sprint3
test_case_44,True,True,0.8874192279570682,Random Forest no-leakage,black_box,test,0.5,sprint3
test_case_45,True,True,0.8874192279570682,Random Forest no-leakage,black_box,test,0.5,sprint3
test_case_46,True,True,0.8874192279570682,Random Forest no-leakage,black_box,test,0.5,sprint3
test_case_47,True,True,0.8874192279570682,Random Forest no-leakage,black_box,test,0.5,sprint3
test_case_48,True,True,0.7655784972624129,Random Forest no-leakage,black_box,test,0.5,sprint3
test_case_49,True,True,0.9054594270291761,Random Forest no-leakage,black_box,test,0.5,sprint3
test_case_50,True,False,0.36582697560970656,Random Forest no-leakage,black_box,test,0.5,sprint3
test_case_51,True,True,0.9054594270291761,Random Forest no-leakage,black_box,test,0.5,sprint3
test_case_52,True,True,0.8874192279570682,Random Forest no-leakage,black_box,test,0.5,sprint3
test_case_53,True,True,0.8874192279570682,Random Forest no-leakage,black_box,test,0.5,sprint3
test_case_54,True,True,0.8871730332662423,Random Forest no-leakage,black_box,test,0.5,sprint3
test_case_55,True,True,0.8871730332662423,Random Forest no-leakage,black_box,test,0.5,sprint3
test_case_56,True,False,0.30501629425034443,Random Forest no-leakage,black_box,test,0.5,sprint3
test_case_57,False,False,0.38916821871439694,Random Forest no-leakage,black_box,test,0.5,sprint3
test_case_58,False,False,0.35555409867142623,Random Forest no-leakage,black_box,test,0.5,sprint3
test_case_59,True,True,0.8944785450684307,Random Forest no-leakage,black_box,test,0.5,sprint3
test_case_60,True,True,0.8944785450684307,Random Forest no-leakage,black_box,test,0.5,sprint3
test_case_61,False,False,0.3894059288462106,Random Forest no-leakage,black_box,test,0.5,sprint3
test_case_62,True,False,0.358661176485907,Random Forest no-leakage,black_box,test,0.5,sprint3
test_case_63,True,True,0.8871730332662423,Random Forest no-leakage,black_box,test,0.5,sprint3
test_case_64,False,False,0.33957076441033174,Random Forest no-leakage,black_box,test,0.5,sprint3
test_case_65,False,False,0.32052491556296464,Random Forest no-leakage,black_box,test,0.5,sprint3
test_case_66,True,True,0.8871730332662423,Random Forest no-leakage,black_box,test,0.5,sprint3
test_case_67,False,False,0.4440639277100372,Random Forest no-leakage,black_box,test,0.5,sprint3
test_case_68,True,True,0.6413532914266072,Random Forest no-leakage,black_box,test,0.5,sprint3
test_case_69,True,True,0.8874192279570682,Random Forest no-leakage,black_box,test,0.5,sprint3
test_case_70,False,False,0.3588117967940348,Random Forest no-leakage,black_box,test,0.5,sprint3
test_case_71,True,True,0.9054594270291761,Random Forest no-leakage,black_box,test,0.5,sprint3
test_case_72,True,True,0.9054594270291761,Random Forest no-leakage,black_box,test,0.5,sprint3
test_case_73,False,False,0.35210006042124226,Random Forest no-leakage,black_box,test,0.5,sprint3
test_case_74,False,False,0.30573067842894036,Random Forest no-leakage,black_box,test,0.5,sprint3
test_case_75,True,False,0.3850355819952447,Random Forest no-leakage,black_box,test,0.5,sprint3
test_case_76,True,True,0.8874192279570682,Random Forest no-leakage,black_box,test,0.5,sprint3
test_case_77,True,True,0.697279133997286,Random Forest no-leakage,black_box,test,0.5,sprint3
test_case_78,False,False,0.3503300322306878,Random Forest no-leakage,black_box,test,0.5,sprint3
test_case_79,False,False,0.41218579030265345,Random Forest no-leakage,black_box,test,0.5,sprint3
test_case_80,False,False,0.37176177166119895,Random Forest no-leakage,black_box,test,0.5,sprint3
test_case_81,False,False,0.279291967708497,Random Forest no-leakage,black_box,test,0.5,sprint3
test_case_82,False,False,0.279291967708497,Random Forest no-leakage,black_box,test,0.5,sprint3
test_case_83,False,False,0.31342047192543304,Random Forest no-leakage,black_box,test,0.5,sprint3
test_case_84,False,False,0.21338086095733572,Random Forest no-leakage,black_box,test,0.5,sprint3
test_case_85,False,False,0.3414334283562034,Random Forest no-leakage,black_box,test,0.5,sprint3
test_case_86,False,False,0.21338086095733572,Random Forest no-leakage,black_box,test,0.5,sprint3
test_case_87,False,False,0.21338086095733572,Random Forest no-leakage,black_box,test,0.5,sprint3
test_case_88,False,False,0.21338086095733572,Random Forest no-leakage,black_box,test,0.5,sprint3
test_case_89,False,False,0.21338086095733572,Random Forest no-leakage,black_box,test,0.5,sprint3
test_case_90,False,False,0.21338086095733572,Random Forest no-leakage,black_box,test,0.5,sprint3
test_case_91,False,False,0.21338086095733572,Random Forest no-leakage,black_box,test,0.5,sprint3
test_case_92,False,False,0.21338086095733572,Random Forest no-leakage,black_box,test,0.5,sprint3
test_case_93,False,False,0.4189911560188355,Random Forest no-leakage,black_box,test,0.5,sprint3
test_case_94,False,False,0.21338086095733572,Random Forest no-leakage,black_box,test,0.5,sprint3
test_case_95,False,False,0.21338086095733572,Random Forest no-leakage,black_box,test,0.5,sprint3
test_case_96,False,False,0.21338086095733572,Random Forest no-leakage,black_box,test,0.5,sprint3
test_case_97,True,False,0.38428592118411614,Random Forest no-leakage,black_box,test,0.5,sprint3
test_case_98,True,True,0.7655784972624129,Random Forest no-leakage,black_box,test,0.5,sprint3
test_case_99,True,True,0.9054594270291761,Random Forest no-leakage,black_box,test,0.5,sprint3
test_case_100,True,True,0.9050861638533075,Random Forest no-leakage,black_box,test,0.5,sprint3
test_case_101,True,True,0.8874192279570682,Random Forest no-leakage,black_box,test,0.5,sprint3
test_case_102,False,False,0.2119273519447514,Random Forest no-leakage,black_box,test,0.5,sprint3
test_case_103,False,False,0.2945159852550037,Random Forest no-leakage,black_box,test,0.5,sprint3
test_case_104,True,True,0.9054594270291761,Random Forest no-leakage,black_box,test,0.5,sprint3
test_case_105,False,False,0.3497187415070301,Random Forest no-leakage,black_box,test,0.5,sprint3
test_case_106,True,True,0.8874192279570682,Random Forest no-leakage,black_box,test,0.5,sprint3
test_case_107,True,True,0.9054594270291761,Random Forest no-leakage,black_box,test,0.5,sprint3
test_case_108,True,True,0.9050861638533075,Random Forest no-leakage,black_box,test,0.5,sprint3
test_case_109,False,False,0.4757907418492549,Random Forest no-leakage,black_box,test,0.5,sprint3
test_case_110,True,False,0.3553946088729576,Random Forest no-leakage,black_box,test,0.5,sprint3
test_case_111,True,False,0.45860616710137636,Random Forest no-leakage,black_box,test,0.5,sprint3
test_case_112,True,False,0.37038483593447197,Random Forest no-leakage,black_box,test,0.5,sprint3
test_case_113,True,True,0.9054594270291761,Random Forest no-leakage,black_box,test,0.5,sprint3
test_case_114,False,False,0.2870025151876576,Random Forest no-leakage,black_box,test,0.5,sprint3
test_case_115,False,False,0.34992939896753145,Random Forest no-leakage,black_box,test,0.5,sprint3
test_case_116,True,False,0.3910510994434788,Random Forest no-leakage,black_box,test,0.5,sprint3
test_case_117,True,True,0.8871730332662423,Random Forest no-leakage,black_box,test,0.5,sprint3
test_case_118,True,True,0.8874192279570682,Random Forest no-leakage,black_box,test,0.5,sprint3
test_case_119,False,False,0.34873644133073256,Random Forest no-leakage,black_box,test,0.5,sprint3
test_case_120,True,True,0.7709704996812461,Random Forest no-leakage,black_box,test,0.5,sprint3
test_case_121,False,False,0.2843959153956922,Random Forest no-leakage,black_box,test,0.5,sprint3
test_case_122,False,False,0.3817458000353404,Random Forest no-leakage,black_box,test,0.5,sprint3
test_case_123,False,False,0.29218162051168695,Random Forest no-leakage,black_box,test,0.5,sprint3
test_case_124,False,False,0.4167712743712078,Random Forest no-leakage,black_box,test,0.5,sprint3
test_case_125,False,False,0.35661518106283163,Random Forest no-leakage,black_box,test,0.5,sprint3
test_case_126,False,False,0.34336593470319526,Random Forest no-leakage,black_box,test,0.5,sprint3
test_case_127,True,True,0.7196750080601965,Random Forest no-leakage,black_box,test,0.5,sprint3
test_case_128,True,True,0.5697009461699598,Random Forest no-leakage,black_box,test,0.5,sprint3
test_case_129,True,False,0.4132144627383,Random Forest no-leakage,black_box,test,0.5,sprint3
test_case_130,True,True,0.8871730332662423,Random Forest no-leakage,black_box,test,0.5,sprint3
test_case_131,True,True,0.8871730332662423,Random Forest no-leakage,black_box,test,0.5,sprint3
test_case_132,True,True,0.8871730332662423,Random Forest no-leakage,black_box,test,0.5,sprint3
test_case_133,True,True,0.8871730332662423,Random Forest no-leakage,black_box,test,0.5,sprint3
test_case_134,True,True,0.8871730332662423,Random Forest no-leakage,black_box,test,0.5,sprint3
test_case_135,False,False,0.1961267749834161,Random Forest no-leakage,black_box,test,0.5,sprint3
test_case_136,False,False,0.19751108642347842,Random Forest no-leakage,black_box,test,0.5,sprint3
test_case_137,True,True,0.5549165812941796,Random Forest no-leakage,black_box,test,0.5,sprint3
test_case_138,False,False,0.2870025151876576,Random Forest no-leakage,black_box,test,0.5,sprint3
test_case_139,False,False,0.34419698161710777,Random Forest no-leakage,black_box,test,0.5,sprint3
test_case_140,True,True,0.8871730332662423,Random Forest no-leakage,black_box,test,0.5,sprint3
test_case_141,True,True,0.5167640008397856,Random Forest no-leakage,black_box,test,0.5,sprint3
test_case_142,True,True,0.8874192279570682,Random Forest no-leakage,black_box,test,0.5,sprint3
test_case_143,True,True,0.9054594270291761,Random Forest no-leakage,black_box,test,0.5,sprint3
test_case_144,False,False,0.40696161823951876,Random Forest no-leakage,black_box,test,0.5,sprint3
test_case_145,False,False,0.38885571134875974,Random Forest no-leakage,black_box,test,0.5,sprint3
test_case_146,True,True,0.8871730332662423,Random Forest no-leakage,black_box,test,0.5,sprint3
test_case_147,False,False,0.3481218290426231,Random Forest no-leakage,black_box,test,0.5,sprint3
test_case_148,True,True,0.6313935675127662,Random Forest no-leakage,black_box,test,0.5,sprint3
test_case_149,False,False,0.37877931701869166,Random Forest no-leakage,black_box,test,0.5,sprint3
test_case_150,False,False,0.38965028833453064,Random Forest no-leakage,black_box,test,0.5,sprint3
test_case_151,True,True,0.8874192279570682,Random Forest no-leakage,black_box,test,0.5,sprint3
test_case_152,False,False,0.41907908993330123,Random Forest no-leakage,black_box,test,0.5,sprint3
test_case_153,True,True,0.8874192279570682,Random Forest no-leakage,black_box,test,0.5,sprint3
test_case_154,False,False,0.21331166338481367,Random Forest no-leakage,black_box,test,0.5,sprint3
test_case_155,True,True,0.8871730332662423,Random Forest no-leakage,black_box,test,0.5,sprint3
test_case_156,False,False,0.2063222340420429,Random Forest no-leakage,black_box,test,0.5,sprint3
test_case_157,True,True,0.8871730332662423,Random Forest no-leakage,black_box,test,0.5,sprint3
test_case_158,True,False,0.4691274242972959,Random Forest no-leakage,black_box,test,0.5,sprint3
test_case_159,True,True,0.8871730332662423,Random Forest no-leakage,black_box,test,0.5,sprint3
test_case_160,True,False,0.39429287399332985,Random Forest no-leakage,black_box,test,0.5,sprint3
test_case_161,True,True,0.9039499719842992,Random Forest no-leakage,black_box,test,0.5,sprint3
test_case_162,False,False,0.2774146094947533,Random Forest no-leakage,black_box,test,0.5,sprint3
test_case_163,True,True,0.9054594270291761,Random Forest no-leakage,black_box,test,0.5,sprint3
test_case_164,True,True,0.5555677053522237,Random Forest no-leakage,black_box,test,0.5,sprint3
test_case_165,True,True,0.9050861638533075,Random Forest no-leakage,black_box,test,0.5,sprint3
test_case_166,False,False,0.2063222340420429,Random Forest no-leakage,black_box,test,0.5,sprint3
test_case_167,True,True,0.6420691179942799,Random Forest no-leakage,black_box,test,0.5,sprint3
test_case_168,False,False,0.34091507202722066,Random Forest no-leakage,black_box,test,0.5,sprint3
test_case_169,True,True,0.8998496575257156,Random Forest no-leakage,black_box,test,0.5,sprint3
test_case_170,False,False,0.3936916186585455,Random Forest no-leakage,black_box,test,0.5,sprint3
test_case_171,True,True,0.9054594270291761,Random Forest no-leakage,black_box,test,0.5,sprint3
test_case_172,True,True,0.6088728532362829,Random Forest no-leakage,black_box,test,0.5,sprint3
test_case_173,True,True,0.9054594270291761,Random Forest no-leakage,black_box,test,0.5,sprint3
test_case_174,True,False,0.45161757681670134,Random Forest no-leakage,black_box,test,0.5,sprint3
test_case_175,False,False,0.22484208973307174,Random Forest no-leakage,black_box,test,0.5,sprint3
test_case_176,True,True,0.740421785736432,Random Forest no-leakage,black_box,test,0.5,sprint3
test_case_177,False,False,0.3091949299597385,Random Forest no-leakage,black_box,test,0.5,sprint3
test_case_178,True,True,0.9054594270291761,Random Forest no-leakage,black_box,test,0.5,sprint3
test_case_179,True,True,0.8874192279570682,Random Forest no-leakage,black_box,test,0.5,sprint3
test_case_180,True,True,0.8874192279570682,Random Forest no-leakage,black_box,test,0.5,sprint3
test_case_181,True,True,0.8871730332662423,Random Forest no-leakage,black_box,test,0.5,sprint3
test_case_182,True,False,0.3705402583978239,Random Forest no-leakage,black_box,test,0.5,sprint3
test_case_183,False,False,0.333805127999071,Random Forest no-leakage,black_box,test,0.5,sprint3
test_case_184,True,True,0.9050861638533075,Random Forest no-leakage,black_box,test,0.5,sprint3
test_case_185,True,True,0.8871730332662423,Random Forest no-leakage,black_box,test,0.5,sprint3
test_case_186,True,True,0.8871730332662423,Random Forest no-leakage,black_box,test,0.5,sprint3
test_case_187,False,False,0.30394295716442743,Random Forest no-leakage,black_box,test,0.5,sprint3
test_case_188,True,True,0.8874192279570682,Random Forest no-leakage,black_box,test,0.5,sprint3
test_case_189,True,True,0.8870354860337518,Random Forest no-leakage,black_box,test,0.5,sprint3
test_case_190,True,True,0.8871730332662423,Random Forest no-leakage,black_box,test,0.5,sprint3
test_case_191,False,False,0.3817458000353404,Random Forest no-leakage,black_box,test,0.5,sprint3
test_case_192,False,False,0.4341201078277815,Random Forest no-leakage,black_box,test,0.5,sprint3
test_case_193,False,False,0.43761824366005747,Random Forest no-leakage,black_box,test,0.5,sprint3
test_case_194,True,True,0.7727296131235597,Random Forest no-leakage,black_box,test,0.5,sprint3
test_case_195,True,False,0.3854045645564505,Random Forest no-leakage,black_box,test,0.5,sprint3
test_case_196,True,True,0.8871730332662423,Random Forest no-leakage,black_box,test,0.5,sprint3
test_case_197,False,False,0.22622640117313406,Random Forest no-leakage,black_box,test,0.5,sprint3
test_case_198,True,True,0.8998496575257156,Random Forest no-leakage,black_box,test,0.5,sprint3
test_case_199,True,True,0.8874192279570682,Random Forest no-leakage,black_box,test,0.5,sprint3
test_case_200,True,True,0.8871730332662423,Random Forest no-leakage,black_box,test,0.5,sprint3
test_case_201,False,False,0.3817458000353404,Random Forest no-leakage,black_box,test,0.5,sprint3
test_case_202,True,True,0.9050861638533075,Random Forest no-leakage,black_box,test,0.5,sprint3
test_case_203,True,True,0.8871730332662423,Random Forest no-leakage,black_box,test,0.5,sprint3
test_case_204,True,False,0.3760821244584706,Random Forest no-leakage,black_box,test,0.5,sprint3
test_case_205,False,False,0.35327966276312806,Random Forest no-leakage,black_box,test,0.5,sprint3
test_case_206,False,False,0.2119273519447514,Random Forest no-leakage,black_box,test,0.5,sprint3
test_case_207,False,False,0.21331166338481367,Random Forest no-leakage,black_box,test,0.5,sprint3
test_case_208,False,True,0.6198873503159401,Random Forest no-leakage,black_box,test,0.5,sprint3
test_case_209,True,True,0.9050861638533075,Random Forest no-leakage,black_box,test,0.5,sprint3
test_case_210,False,False,0.37253419920999575,Random Forest no-leakage,black_box,test,0.5,sprint3
test_case_211,True,True,0.9050861638533075,Random Forest no-leakage,black_box,test,0.5,sprint3
test_case_212,True,True,0.9050861638533075,Random Forest no-leakage,black_box,test,0.5,sprint3
test_case_213,True,True,0.8871730332662423,Random Forest no-leakage,black_box,test,0.5,sprint3
test_case_214,True,True,0.8871730332662423,Random Forest no-leakage,black_box,test,0.5,sprint3
test_case_215,True,True,0.9050861638533075,Random Forest no-leakage,black_box,test,0.5,sprint3
test_case_216,True,True,0.9050861638533075,Random Forest no-leakage,black_box,test,0.5,sprint3
test_case_217,True,True,0.9050861638533075,Random Forest no-leakage,black_box,test,0.5,sprint3
test_case_218,True,True,0.8871730332662423,Random Forest no-leakage,black_box,test,0.5,sprint3
test_case_219,True,False,0.437256441303923,Random Forest no-leakage,black_box,test,0.5,sprint3
test_case_220,True,False,0.40227508489635605,Random Forest no-leakage,black_box,test,0.5,sprint3
test_case_221,True,True,0.6694990115111698,Random Forest no-leakage,black_box,test,0.5,sprint3
test_case_222,True,True,0.6694990115111698,Random Forest no-leakage,black_box,test,0.5,sprint3
test_case_223,False,False,0.3289995124017669,Random Forest no-leakage,black_box,test,0.5,sprint3
test_case_224,False,False,0.3272122774048956,Random Forest no-leakage,black_box,test,0.5,sprint3
test_case_225,True,True,0.9050861638533075,Random Forest no-leakage,black_box,test,0.5,sprint3
test_case_226,False,False,0.34776405502885793,Random Forest no-leakage,black_box,test,0.5,sprint3
test_case_227,False,False,0.3580286971187134,Random Forest no-leakage,black_box,test,0.5,sprint3
test_case_228,True,True,0.5446933567747202,Random Forest no-leakage,black_box,test,0.5,sprint3
test_case_229,False,False,0.2063222340420429,Random Forest no-leakage,black_box,test,0.5,sprint3
test_case_230,False,True,0.7900046190586258,Random Forest no-leakage,black_box,test,0.5,sprint3
test_case_231,True,True,0.9050861638533075,Random Forest no-leakage,black_box,test,0.5,sprint3
test_case_232,False,False,0.37253419920999575,Random Forest no-leakage,black_box,test,0.5,sprint3
test_case_233,False,False,0.3647246780183327,Random Forest no-leakage,black_box,test,0.5,sprint3
test_case_234,True,False,0.382122203683451,Random Forest no-leakage,black_box,test,0.5,sprint3
test_case_235,True,False,0.34891527659962907,Random Forest no-leakage,black_box,test,0.5,sprint3
test_case_236,False,False,0.3261385323888735,Random Forest no-leakage,black_box,test,0.5,sprint3
test_case_237,False,False,0.31483431675512685,Random Forest no-leakage,black_box,test,0.5,sprint3
test_case_238,False,False,0.3140004555220055,Random Forest no-leakage,black_box,test,0.5,sprint3
test_case_239,True,True,0.8871730332662423,Random Forest no-leakage,black_box,test,0.5,sprint3
test_case_240,False,False,0.3797766551147243,Random Forest no-leakage,black_box,test,0.5,sprint3
test_case_241,False,False,0.3077286551817862,Random Forest no-leakage,black_box,test,0.5,sprint3
test_case_242,True,True,0.8871730332662423,Random Forest no-leakage,black_box,test,0.5,sprint3
test_case_243,False,False,0.31927769295146635,Random Forest no-leakage,black_box,test,0.5,sprint3
test_case_244,False,False,0.34551293838206015,Random Forest no-leakage,black_box,test,0.5,sprint3
test_case_245,True,False,0.3687167653759644,Random Forest no-leakage,black_box,test,0.5,sprint3
test_case_246,True,False,0.3919898609184635,Random Forest no-leakage,black_box,test,0.5,sprint3
test_case_247,True,False,0.36374216538657683,Random Forest no-leakage,black_box,test,0.5,sprint3
test_case_248,True,True,0.9050861638533075,Random Forest no-leakage,black_box,test,0.5,sprint3
test_case_249,True,False,0.3673203920128271,Random Forest no-leakage,black_box,test,0.5,sprint3
test_case_250,True,True,0.8941052818925621,Random Forest no-leakage,black_box,test,0.5,sprint3
test_case_251,False,False,0.37471102203083617,Random Forest no-leakage,black_box,test,0.5,sprint3
test_case_252,False,False,0.21331166338481367,Random Forest no-leakage,black_box,test,0.5,sprint3
test_case_253,True,True,0.9050861638533075,Random Forest no-leakage,black_box,test,0.5,sprint3
test_case_254,True,True,0.9050861638533075,Random Forest no-leakage,black_box,test,0.5,sprint3
test_case_255,False,False,0.21331166338481367,Random Forest no-leakage,black_box,test,0.5,sprint3
test_case_256,False,False,0.3654826216406824,Random Forest no-leakage,black_box,test,0.5,sprint3
test_case_257,True,True,0.5975937006059381,Random Forest no-leakage,black_box,test,0.5,sprint3
test_case_258,True,True,0.9050861638533075,Random Forest no-leakage,black_box,test,0.5,sprint3
test_case_259,True,True,0.9050861638533075,Random Forest no-leakage,black_box,test,0.5,sprint3
test_case_260,True,True,0.8864060870966707,Random Forest no-leakage,black_box,test,0.5,sprint3
test_case_261,True,True,0.8871730332662423,Random Forest no-leakage,black_box,test,0.5,sprint3
test_case_262,False,False,0.3487327709458147,Random Forest no-leakage,black_box,test,0.5,sprint3
test_case_263,False,False,0.21338086095733572,Random Forest no-leakage,black_box,test,0.5,sprint3
test_case_264,False,False,0.4317536554636051,Random Forest no-leakage,black_box,test,0.5,sprint3
test_case_265,True,False,0.4400901645438058,Random Forest no-leakage,black_box,test,0.5,sprint3
test_case_266,True,False,0.351791954364197,Random Forest no-leakage,black_box,test,0.5,sprint3
test_case_267,True,False,0.40117413550372755,Random Forest no-leakage,black_box,test,0.5,sprint3
test_case_268,True,False,0.40117413550372755,Random Forest no-leakage,black_box,test,0.5,sprint3
test_case_269,True,False,0.41785101074965797,Random Forest no-leakage,black_box,test,0.5,sprint3
test_case_270,True,False,0.41785101074965797,Random Forest no-leakage,black_box,test,0.5,sprint3
test_case_271,True,True,0.8871730332662423,Random Forest no-leakage,black_box,test,0.5,sprint3
test_case_272,False,False,0.35010049138419524,Random Forest no-leakage,black_box,test,0.5,sprint3
test_case_273,False,False,0.40216760813456154,Random Forest no-leakage,black_box,test,0.5,sprint3
test_case_274,False,False,0.3399597401964525,Random Forest no-leakage,black_box,test,0.5,sprint3
test_case_275,True,True,0.6734223875659784,Random Forest no-leakage,black_box,test,0.5,sprint3
test_case_276,False,False,0.36515998367818703,Random Forest no-leakage,black_box,test,0.5,sprint3
test_case_277,True,True,0.8871730332662423,Random Forest no-leakage,black_box,test,0.5,sprint3
test_case_278,True,False,0.404257611023055,Random Forest no-leakage,black_box,test,0.5,sprint3
test_case_279,True,True,0.8871730332662423,Random Forest no-leakage,black_box,test,0.5,sprint3
test_case_280,True,True,0.9050861638533075,Random Forest no-leakage,black_box,test,0.5,sprint3
test_case_281,True,True,0.8871730332662423,Random Forest no-leakage,black_box,test,0.5,sprint3
test_case_282,True,True,0.9050861638533075,Random Forest no-leakage,black_box,test,0.5,sprint3
test_case_283,False,False,0.3597278010572782,Random Forest no-leakage,black_box,test,0.5,sprint3
test_case_284,False,False,0.37257550571023124,Random Forest no-leakage,black_box,test,0.5,sprint3
test_case_285,True,False,0.3731372099283914,Random Forest no-leakage,black_box,test,0.5,sprint3
test_case_286,False,False,0.4060720710856732,Random Forest no-leakage,black_box,test,0.5,sprint3
test_case_287,False,False,0.32139688286830725,Random Forest no-leakage,black_box,test,0.5,sprint3
test_case_288,True,True,0.9050861638533075,Random Forest no-leakage,black_box,test,0.5,sprint3
test_case_289,True,True,0.7390501568289942,Random Forest no-leakage,black_box,test,0.5,sprint3
test_case_290,False,False,0.34494690838637004,Random Forest no-leakage,black_box,test,0.5,sprint3
test_case_291,False,False,0.33538745907045625,Random Forest no-leakage,black_box,test,0.5,sprint3
test_case_292,False,False,0.42998378679877275,Random Forest no-leakage,black_box,test,0.5,sprint3
test_case_293,True,False,0.3979110727651169,Random Forest no-leakage,black_box,test,0.5,sprint3
test_case_294,True,False,0.46740577196695754,Random Forest no-leakage,black_box,test,0.5,sprint3
test_case_295,False,False,0.33538745907045625,Random Forest no-leakage,black_box,test,0.5,sprint3
test_case_296,False,False,0.3855809896552264,Random Forest no-leakage,black_box,test,0.5,sprint3
test_case_297,False,False,0.2063222340420429,Random Forest no-leakage,black_box,test,0.5,sprint3
test_case_298,False,False,0.3365766581569593,Random Forest no-leakage,black_box,test,0.5,sprint3
test_case_299,True,True,0.9037403290456539,Random Forest no-leakage,black_box,test,0.5,sprint3
test_case_300,True,True,0.5915885585509036,Random Forest no-leakage,black_box,test,0.5,sprint3
test_case_301,False,False,0.40865475553806113,Random Forest no-leakage,black_box,test,0.5,sprint3
test_case_302,True,False,0.392387834467203,Random Forest no-leakage,black_box,test,0.5,sprint3
test_case_303,True,False,0.3476149030160925,Random Forest no-leakage,black_box,test,0.5,sprint3
test_case_304,True,True,0.9050861638533075,Random Forest no-leakage,black_box,test,0.5,sprint3
test_case_305,True,True,0.9050861638533075,Random Forest no-leakage,black_box,test,0.5,sprint3
test_case_306,False,False,0.3745528765282949,Random Forest no-leakage,black_box,test,0.5,sprint3
test_case_307,True,True,0.8871730332662423,Random Forest no-leakage,black_box,test,0.5,sprint3
test_case_308,True,True,0.9050861638533075,Random Forest no-leakage,black_box,test,0.5,sprint3
test_case_309,False,False,0.19751108642347842,Random Forest no-leakage,black_box,test,0.5,sprint3
test_case_310,False,True,0.5081449718806844,Random Forest no-leakage,black_box,test,0.5,sprint3
test_case_311,False,False,0.34073275893749577,Random Forest no-leakage,black_box,test,0.5,sprint3
test_case_312,True,True,0.9050861638533075,Random Forest no-leakage,black_box,test,0.5,sprint3
test_case_313,True,True,0.8871730332662423,Random Forest no-leakage,black_box,test,0.5,sprint3
test_case_314,True,False,0.44442314708182074,Random Forest no-leakage,black_box,test,0.5,sprint3
test_case_315,True,True,0.8871730332662423,Random Forest no-leakage,black_box,test,0.5,sprint3
test_case_316,True,True,0.9050861638533075,Random Forest no-leakage,black_box,test,0.5,sprint3
test_case_317,True,True,0.9050861638533075,Random Forest no-leakage,black_box,test,0.5,sprint3
test_case_318,False,False,0.4059456923602232,Random Forest no-leakage,black_box,test,0.5,sprint3
test_case_319,True,True,0.5574911018846636,Random Forest no-leakage,black_box,test,0.5,sprint3
test_case_320,True,True,0.888841467644711,Random Forest no-leakage,black_box,test,0.5,sprint3
test_case_321,False,False,0.4386276679201923,Random Forest no-leakage,black_box,test,0.5,sprint3
test_case_322,True,True,0.8885556224006784,Random Forest no-leakage,black_box,test,0.5,sprint3
test_case_323,False,False,0.40427920337197365,Random Forest no-leakage,black_box,test,0.5,sprint3
test_case_324,False,False,0.3391750651238197,Random Forest no-leakage,black_box,test,0.5,sprint3
test_case_325,True,True,0.8999636981767101,Random Forest no-leakage,black_box,test,0.5,sprint3
test_case_326,False,False,0.4266035604863113,Random Forest no-leakage,black_box,test,0.5,sprint3
test_case_327,False,True,0.5238577689867426,Random Forest no-leakage,black_box,test,0.5,sprint3
test_case_328,True,True,0.9050861638533075,Random Forest no-leakage,black_box,test,0.5,sprint3
test_case_329,True,True,0.8871730332662423,Random Forest no-leakage,black_box,test,0.5,sprint3
test_case_330,True,True,0.7854923318827902,Random Forest no-leakage,black_box,test,0.5,sprint3
test_case_331,False,False,0.3530615570851983,Random Forest no-leakage,black_box,test,0.5,sprint3
test_case_332,False,False,0.433957884849159,Random Forest no-leakage,black_box,test,0.5,sprint3
test_case_333,False,False,0.35415109381027804,Random Forest no-leakage,black_box,test,0.5,sprint3
test_case_334,True,True,0.9050861638533075,Random Forest no-leakage,black_box,test,0.5,sprint3
test_case_335,True,True,0.8871730332662423,Random Forest no-leakage,black_box,test,0.5,sprint3
test_case_336,True,True,0.7390501568289942,Random Forest no-leakage,black_box,test,0.5,sprint3
test_case_337,False,False,0.3914006524335957,Random Forest no-leakage,black_box,test,0.5,sprint3
test_case_338,True,True,0.8998496575257156,Random Forest no-leakage,black_box,test,0.5,sprint3
test_case_339,True,True,0.9050861638533075,Random Forest no-leakage,black_box,test,0.5,sprint3
test_case_340,True,True,0.8871730332662423,Random Forest no-leakage,black_box,test,0.5,sprint3
test_case_341,True,True,0.8871730332662423,Random Forest no-leakage,black_box,test,0.5,sprint3
test_case_342,False,False,0.3781261878131368,Random Forest no-leakage,black_box,test,0.5,sprint3
test_case_343,False,False,0.3478086155267453,Random Forest no-leakage,black_box,test,0.5,sprint3
test_case_344,False,False,0.3557974315926504,Random Forest no-leakage,black_box,test,0.5,sprint3
test_case_345,True,True,0.5012676926635757,Random Forest no-leakage,black_box,test,0.5,sprint3
test_case_346,True,True,0.8998496575257156,Random Forest no-leakage,black_box,test,0.5,sprint3
test_case_347,True,False,0.4141685703446553,Random Forest no-leakage,black_box,test,0.5,sprint3
test_case_348,True,True,0.8998496575257156,Random Forest no-leakage,black_box,test,0.5,sprint3
test_case_349,True,True,0.8871730332662423,Random Forest no-leakage,black_box,test,0.5,sprint3
test_case_350,False,False,0.28981231646196787,Random Forest no-leakage,black_box,test,0.5,sprint3
test_case_351,True,True,0.9050861638533075,Random Forest no-leakage,black_box,test,0.5,sprint3
test_case_352,True,False,0.4610016508032308,Random Forest no-leakage,black_box,test,0.5,sprint3
test_case_353,True,True,0.9050861638533075,Random Forest no-leakage,black_box,test,0.5,sprint3
test_case_354,True,False,0.3721187193938195,Random Forest no-leakage,black_box,test,0.5,sprint3
test_case_355,False,False,0.3409316848334891,Random Forest no-leakage,black_box,test,0.5,sprint3
test_case_356,True,False,0.3926746549045299,Random Forest no-leakage,black_box,test,0.5,sprint3
test_case_357,True,True,0.8728621925665822,Random Forest no-leakage,black_box,test,0.5,sprint3
test_case_358,False,False,0.21331166338481367,Random Forest no-leakage,black_box,test,0.5,sprint3
test_case_359,True,False,0.40461109101393766,Random Forest no-leakage,black_box,test,0.5,sprint3
test_case_360,True,False,0.30650914317874656,Random Forest no-leakage,black_box,test,0.5,sprint3
test_case_361,True,False,0.42827708291743455,Random Forest no-leakage,black_box,test,0.5,sprint3
test_case_362,False,False,0.3785433046222173,Random Forest no-leakage,black_box,test,0.5,sprint3
test_case_363,True,True,0.9050861638533075,Random Forest no-leakage,black_box,test,0.5,sprint3
test_case_364,True,False,0.4043975439207766,Random Forest no-leakage,black_box,test,0.5,sprint3
test_case_365,False,False,0.28981231646196787,Random Forest no-leakage,black_box,test,0.5,sprint3
test_case_366,True,False,0.42149576229323765,Random Forest no-leakage,black_box,test,0.5,sprint3
test_case_367,True,True,0.8974890138844624,Random Forest no-leakage,black_box,test,0.5,sprint3
test_case_368,False,True,0.5481349039186721,Random Forest no-leakage,black_box,test,0.5,sprint3
test_case_369,True,True,0.9078036733941153,Random Forest no-leakage,black_box,test,0.5,sprint3
test_case_370,True,False,0.3940848851168239,Random Forest no-leakage,black_box,test,0.5,sprint3
test_case_371,True,False,0.37992730861389135,Random Forest no-leakage,black_box,test,0.5,sprint3
test_case_372,True,False,0.41001507424759553,Random Forest no-leakage,black_box,test,0.5,sprint3
test_case_373,True,False,0.4049605906455123,Random Forest no-leakage,black_box,test,0.5,sprint3
test_case_374,True,True,0.6440244557902167,Random Forest no-leakage,black_box,test,0.5,sprint3
test_case_375,False,False,0.4043038355511186,Random Forest no-leakage,black_box,test,0.5,sprint3
test_case_376,True,False,0.3854243510230559,Random Forest no-leakage,black_box,test,0.5,sprint3
test_case_377,True,False,0.43395529327000587,Random Forest no-leakage,black_box,test,0.5,sprint3
test_case_378,True,False,0.43855943487203314,Random Forest no-leakage,black_box,test,0.5,sprint3
test_case_379,True,False,0.45690004224924075,Random Forest no-leakage,black_box,test,0.5,sprint3
test_case_380,True,False,0.3916129393115863,Random Forest no-leakage,black_box,test,0.5,sprint3
test_case_381,True,False,0.45404131202426107,Random Forest no-leakage,black_box,test,0.5,sprint3
test_case_382,True,False,0.48328095564724066,Random Forest no-leakage,black_box,test,0.5,sprint3
test_case_383,True,False,0.4012473051325815,Random Forest no-leakage,black_box,test,0.5,sprint3
test_case_384,False,False,0.3838937662844256,Random Forest no-leakage,black_box,test,0.5,sprint3
test_case_385,True,True,0.5041860804760039,Random Forest no-leakage,black_box,test,0.5,sprint3
test_case_386,True,False,0.4890659603048904,Random Forest no-leakage,black_box,test,0.5,sprint3
test_case_387,True,False,0.4742797815577148,Random Forest no-leakage,black_box,test,0.5,sprint3
test_case_388,True,False,0.4073217836150227,Random Forest no-leakage,black_box,test,0.5,sprint3
test_case_389,True,False,0.4809069728476086,Random Forest no-leakage,black_box,test,0.5,sprint3
test_case_390,False,True,0.5247317827210461,Random Forest no-leakage,black_box,test,0.5,sprint3
test_case_391,False,False,0.3496291198948935,Random Forest no-leakage,black_box,test,0.5,sprint3
test_case_392,True,True,0.8871730332662423,Random Forest no-leakage,black_box,test,0.5,sprint3
test_case_393,False,False,0.4658818934731997,Random Forest no-leakage,black_box,test,0.5,sprint3
test_case_394,True,False,0.452135171298187,Random Forest no-leakage,black_box,test,0.5,sprint3
test_case_395,True,False,0.4273081287834266,Random Forest no-leakage,black_box,test,0.5,sprint3
test_case_396,True,False,0.3604920201376898,Random Forest no-leakage,black_box,test,0.5,sprint3
test_case_397,True,True,0.8998496575257156,Random Forest no-leakage,black_box,test,0.5,sprint3
test_case_398,True,True,0.8990168442989332,Random Forest no-leakage,black_box,test,0.5,sprint3
test_case_399,False,False,0.3584659487809559,Random Forest no-leakage,black_box,test,0.5,sprint3
test_case_400,False,True,0.5982029666702791,Random Forest no-leakage,black_box,test,0.5,sprint3
test_case_401,True,True,0.8885556224006784,Random Forest no-leakage,black_box,test,0.5,sprint3
test_case_402,True,True,0.5096575389003776,Random Forest no-leakage,black_box,test,0.5,sprint3
test_case_403,True,False,0.37151873295294313,Random Forest no-leakage,black_box,test,0.5,sprint3
test_case_404,True,False,0.4157459793250276,Random Forest no-leakage,black_box,test,0.5,sprint3
test_case_405,True,True,0.8885556224006784,Random Forest no-leakage,black_box,test,0.5,sprint3
test_case_406,True,False,0.3716091172444026,Random Forest no-leakage,black_box,test,0.5,sprint3
test_case_407,True,False,0.4229399824796357,Random Forest no-leakage,black_box,test,0.5,sprint3
test_case_408,True,False,0.3411856476042623,Random Forest no-leakage,black_box,test,0.5,sprint3
test_case_409,False,False,0.42998378679877275,Random Forest no-leakage,black_box,test,0.5,sprint3
test_case_410,True,False,0.3437849609193326,Random Forest no-leakage,black_box,test,0.5,sprint3
test_case_411,True,True,0.8871730332662423,Random Forest no-leakage,black_box,test,0.5,sprint3
test_case_412,True,True,0.8885556224006784,Random Forest no-leakage,black_box,test,0.5,sprint3
test_case_413,True,True,0.8885556224006784,Random Forest no-leakage,black_box,test,0.5,sprint3
test_case_414,False,False,0.4126809126944361,Random Forest no-leakage,black_box,test,0.5,sprint3
test_case_415,True,False,0.38298488197287583,Random Forest no-leakage,black_box,test,0.5,sprint3
test_case_416,True,True,0.9064923034515541,Random Forest no-leakage,black_box,test,0.5,sprint3
test_case_417,False,False,0.33538745907045625,Random Forest no-leakage,black_box,test,0.5,sprint3
test_case_418,True,True,0.8871730332662423,Random Forest no-leakage,black_box,test,0.5,sprint3
test_case_419,False,False,0.28465098515221643,Random Forest no-leakage,black_box,test,0.5,sprint3
test_case_420,True,True,0.9043192176837358,Random Forest no-leakage,black_box,test,0.5,sprint3
test_case_421,True,False,0.3785670668428384,Random Forest no-leakage,black_box,test,0.5,sprint3
test_case_422,True,False,0.3671289292712639,Random Forest no-leakage,black_box,test,0.5,sprint3
test_case_423,True,False,0.4134742593478357,Random Forest no-leakage,black_box,test,0.5,sprint3
test_case_424,True,True,0.9064923034515541,Random Forest no-leakage,black_box,test,0.5,sprint3
test_case_425,True,False,0.35487914941721355,Random Forest no-leakage,black_box,test,0.5,sprint3
test_case_426,True,False,0.35487914941721355,Random Forest no-leakage,black_box,test,0.5,sprint3
test_case_427,True,False,0.3671289292712639,Random Forest no-leakage,black_box,test,0.5,sprint3
test_case_428,True,True,0.9078036733941153,Random Forest no-leakage,black_box,test,0.5,sprint3
test_case_429,True,False,0.44041311866430183,Random Forest no-leakage,black_box,test,0.5,sprint3
test_case_430,True,True,0.889780350909841,Random Forest no-leakage,black_box,test,0.5,sprint3
test_case_431,True,True,0.7782214626733628,Random Forest no-leakage,black_box,test,0.5,sprint3
test_case_432,True,False,0.38671706817507456,Random Forest no-leakage,black_box,test,0.5,sprint3
test_case_433,True,False,0.3665773590594336,Random Forest no-leakage,black_box,test,0.5,sprint3
test_case_434,True,False,0.4172494610844301,Random Forest no-leakage,black_box,test,0.5,sprint3
test_case_435,True,True,0.7430462113697318,Random Forest no-leakage,black_box,test,0.5,sprint3
test_case_436,True,False,0.41159551759098356,Random Forest no-leakage,black_box,test,0.5,sprint3
test_case_437,True,True,0.9078036733941153,Random Forest no-leakage,black_box,test,0.5,sprint3
test_case_438,True,False,0.39026991019120977,Random Forest no-leakage,black_box,test,0.5,sprint3
test_case_439,False,False,0.418595482335611,Random Forest no-leakage,black_box,test,0.5,sprint3
test_case_440,True,True,0.8885556224006784,Random Forest no-leakage,black_box,test,0.5,sprint3
test_case_441,True,True,0.9064923034515541,Random Forest no-leakage,black_box,test,0.5,sprint3
test_case_442,True,False,0.3671289292712639,Random Forest no-leakage,black_box,test,0.5,sprint3
test_case_443,True,True,0.9064923034515541,Random Forest no-leakage,black_box,test,0.5,sprint3
test_case_444,True,False,0.3780588208290579,Random Forest no-leakage,black_box,test,0.5,sprint3
test_case_445,True,True,0.8885556224006784,Random Forest no-leakage,black_box,test,0.5,sprint3
test_case_446,True,True,0.9064923034515541,Random Forest no-leakage,black_box,test,0.5,sprint3
test_case_447,False,True,0.605747621506391,Random Forest no-leakage,black_box,test,0.5,sprint3
test_case_448,True,True,0.9078036733941153,Random Forest no-leakage,black_box,test,0.5,sprint3
test_case_449,True,True,0.8898669923432396,Random Forest no-leakage,black_box,test,0.5,sprint3
test_case_450,False,False,0.4145181869760544,Random Forest no-leakage,black_box,test,0.5,sprint3
test_case_451,True,True,0.7263235198608516,Random Forest no-leakage,black_box,test,0.5,sprint3
test_case_452,True,True,0.6083719109112894,Random Forest no-leakage,black_box,test,0.5,sprint3
test_case_453,True,False,0.36847505415781934,Random Forest no-leakage,black_box,test,0.5,sprint3
test_case_454,True,False,0.3930450445735931,Random Forest no-leakage,black_box,test,0.5,sprint3
test_case_455,True,True,0.8885556224006784,Random Forest no-leakage,black_box,test,0.5,sprint3
test_case_456,True,False,0.4160771037007629,Random Forest no-leakage,black_box,test,0.5,sprint3
test_case_457,True,False,0.4160771037007629,Random Forest no-leakage,black_box,test,0.5,sprint3
test_case_458,True,False,0.3799930462458705,Random Forest no-leakage,black_box,test,0.5,sprint3
test_case_459,True,True,0.903751302347703,Random Forest no-leakage,black_box,test,0.5,sprint3
test_case_460,True,False,0.38838420872339535,Random Forest no-leakage,black_box,test,0.5,sprint3
test_case_461,True,False,0.4508964457456341,Random Forest no-leakage,black_box,test,0.5,sprint3
test_case_462,True,False,0.3671289292712639,Random Forest no-leakage,black_box,test,0.5,sprint3
test_case_463,True,False,0.46776323315990576,Random Forest no-leakage,black_box,test,0.5,sprint3
test_case_464,True,False,0.4508964457456341,Random Forest no-leakage,black_box,test,0.5,sprint3
test_case_465,True,False,0.3671289292712639,Random Forest no-leakage,black_box,test,0.5,sprint3
test_case_466,True,False,0.4788812822469367,Random Forest no-leakage,black_box,test,0.5,sprint3
test_case_467,True,False,0.4580121098334739,Random Forest no-leakage,black_box,test,0.5,sprint3
test_case_468,True,False,0.4763682134789511,Random Forest no-leakage,black_box,test,0.5,sprint3
test_case_469,True,True,0.9078036733941153,Random Forest no-leakage,black_box,test,0.5,sprint3
test_case_470,True,True,0.9043192176837358,Random Forest no-leakage,black_box,test,0.5,sprint3
test_case_471,True,False,0.41359182267346095,Random Forest no-leakage,black_box,test,0.5,sprint3
test_case_472,True,True,0.9064923034515541,Random Forest no-leakage,black_box,test,0.5,sprint3
test_case_473,True,True,0.6099654563330654,Random Forest no-leakage,black_box,test,0.5,sprint3
test_case_474,True,False,0.3928345838507717,Random Forest no-leakage,black_box,test,0.5,sprint3
test_case_475,True,False,0.38906299603882305,Random Forest no-leakage,black_box,test,0.5,sprint3
test_case_476,True,False,0.3420536490094498,Random Forest no-leakage,black_box,test,0.5,sprint3
test_case_477,True,False,0.393491376424549,Random Forest no-leakage,black_box,test,0.5,sprint3
test_case_478,False,False,0.4090864035142653,Random Forest no-leakage,black_box,test,0.5,sprint3
test_case_479,True,False,0.3701080019151488,Random Forest no-leakage,black_box,test,0.5,sprint3
test_case_480,True,False,0.4106319501999021,Random Forest no-leakage,black_box,test,0.5,sprint3
test_case_481,True,False,0.4372146440615291,Random Forest no-leakage,black_box,test,0.5,sprint3
test_case_482,True,False,0.4160771037007629,Random Forest no-leakage,black_box,test,0.5,sprint3
test_case_483,True,False,0.39822446985115784,Random Forest no-leakage,black_box,test,0.5,sprint3
test_case_484,True,False,0.3671289292712639,Random Forest no-leakage,black_box,test,0.5,sprint3
test_case_485,True,True,0.8885556224006784,Random Forest no-leakage,black_box,test,0.5,sprint3
test_case_486,True,True,0.8898669923432396,Random Forest no-leakage,black_box,test,0.5,sprint3
test_case_487,True,True,0.9003282142414945,Random Forest no-leakage,black_box,test,0.5,sprint3
test_case_488,True,True,0.9003282142414945,Random Forest no-leakage,black_box,test,0.5,sprint3
test_case_489,True,True,0.8983115334697631,Random Forest no-leakage,black_box,test,0.5,sprint3
test_case_490,True,True,0.8998162389838779,Random Forest no-leakage,black_box,test,0.5,sprint3
test_case_491,True,True,0.8998162389838779,Random Forest no-leakage,black_box,test,0.5,sprint3
test_case_492,True,False,0.4787174360422458,Random Forest no-leakage,black_box,test,0.5,sprint3
test_case_493,True,True,0.8885556224006784,Random Forest no-leakage,black_box,test,0.5,sprint3
test_case_494,True,True,0.8898669923432396,Random Forest no-leakage,black_box,test,0.5,sprint3
test_case_495,True,True,0.8898669923432396,Random Forest no-leakage,black_box,test,0.5,sprint3
test_case_496,True,False,0.38669713075692386,Random Forest no-leakage,black_box,test,0.5,sprint3
test_case_497,True,False,0.3714809262265254,Random Forest no-leakage,black_box,test,0.5,sprint3
test_case_498,True,True,0.8898669923432396,Random Forest no-leakage,black_box,test,0.5,sprint3
test_case_499,True,True,0.8898669923432396,Random Forest no-leakage,black_box,test,0.5,sprint3
test_case_500,True,True,0.8898669923432396,Random Forest no-leakage,black_box,test,0.5,sprint3
test_case_501,True,True,0.7234646418935532,Random Forest no-leakage,black_box,test,0.5,sprint3
test_case_502,True,True,0.9066674815251068,Random Forest no-leakage,black_box,test,0.5,sprint3
test_case_503,True,False,0.3750198157899031,Random Forest no-leakage,black_box,test,0.5,sprint3
test_case_504,True,False,0.37942150005108977,Random Forest no-leakage,black_box,test,0.5,sprint3
test_case_505,False,False,0.3959530259060402,Random Forest no-leakage,black_box,test,0.5,sprint3
test_case_506,True,False,0.4518324359822363,Random Forest no-leakage,black_box,test,0.5,sprint3
test_case_507,True,False,0.3919608807757641,Random Forest no-leakage,black_box,test,0.5,sprint3
test_case_508,True,False,0.4444650677981498,Random Forest no-leakage,black_box,test,0.5,sprint3
test_case_509,True,False,0.39079629042372327,Random Forest no-leakage,black_box,test,0.5,sprint3
test_case_510,True,False,0.45155631468941193,Random Forest no-leakage,black_box,test,0.5,sprint3
test_case_511,True,False,0.3917774235917586,Random Forest no-leakage,black_box,test,0.5,sprint3
test_case_512,False,False,0.39874570663228004,Random Forest no-leakage,black_box,test,0.5,sprint3
test_case_513,True,False,0.38752018320180304,Random Forest no-leakage,black_box,test,0.5,sprint3
test_case_514,True,False,0.38010631791256677,Random Forest no-leakage,black_box,test,0.5,sprint3
test_case_515,True,False,0.37114183232677256,Random Forest no-leakage,black_box,test,0.5,sprint3
test_case_516,True,False,0.439548446190071,Random Forest no-leakage,black_box,test,0.5,sprint3
test_case_517,True,False,0.4173335652987862,Random Forest no-leakage,black_box,test,0.5,sprint3
test_case_518,True,True,0.889780350909841,Random Forest no-leakage,black_box,test,0.5,sprint3
test_case_519,True,False,0.46538441976253575,Random Forest no-leakage,black_box,test,0.5,sprint3
test_case_520,True,False,0.4447823154087487,Random Forest no-leakage,black_box,test,0.5,sprint3
test_case_521,False,False,0.3221032813787988,Random Forest no-leakage,black_box,test,0.5,sprint3
test_case_522,True,False,0.4160771037007629,Random Forest no-leakage,black_box,test,0.5,sprint3
test_case_523,True,False,0.4506815195690899,Random Forest no-leakage,black_box,test,0.5,sprint3
test_case_524,True,True,0.7662343580452118,Random Forest no-leakage,black_box,test,0.5,sprint3
test_case_525,True,False,0.4052784652171955,Random Forest no-leakage,black_box,test,0.5,sprint3
test_case_526,True,True,0.8885556224006784,Random Forest no-leakage,black_box,test,0.5,sprint3
test_case_527,True,True,0.8885556224006784,Random Forest no-leakage,black_box,test,0.5,sprint3
test_case_528,True,True,0.7341808055512999,Random Forest no-leakage,black_box,test,0.5,sprint3
test_case_529,True,False,0.4176172027028722,Random Forest no-leakage,black_box,test,0.5,sprint3
test_case_530,True,False,0.4160771037007629,Random Forest no-leakage,black_box,test,0.5,sprint3
test_case_531,True,True,0.889780350909841,Random Forest no-leakage,black_box,test,0.5,sprint3
test_case_532,True,True,0.8488662180521582,Random Forest no-leakage,black_box,test,0.5,sprint3
test_case_533,True,True,0.8898669923432396,Random Forest no-leakage,black_box,test,0.5,sprint3
test_case_534,True,True,0.9064923034515541,Random Forest no-leakage,black_box,test,0.5,sprint3
test_case_535,True,True,0.8848429092196549,Random Forest no-leakage,black_box,test,0.5,sprint3
test_case_536,True,True,0.8898669923432396,Random Forest no-leakage,black_box,test,0.5,sprint3
test_case_537,True,True,0.8898669923432396,Random Forest no-leakage,black_box,test,0.5,sprint3
test_case_538,True,True,0.7378480236005222,Random Forest no-leakage,black_box,test,0.5,sprint3
test_case_539,True,True,0.8848429092196549,Random Forest no-leakage,black_box,test,0.5,sprint3
test_case_540,True,True,0.889780350909841,Random Forest no-leakage,black_box,test,0.5,sprint3
test_case_541,True,True,0.889780350909841,Random Forest no-leakage,black_box,test,0.5,sprint3
test_case_542,True,True,0.8898669923432396,Random Forest no-leakage,black_box,test,0.5,sprint3
test_case_543,True,True,0.8906250329318788,Random Forest no-leakage,black_box,test,0.5,sprint3
test_case_544,True,True,0.9078036733941153,Random Forest no-leakage,black_box,test,0.5,sprint3
test_case_545,False,False,0.33915664725095673,Random Forest no-leakage,black_box,test,0.5,sprint3
test_case_546,True,False,0.4564976490691486,Random Forest no-leakage,black_box,test,0.5,sprint3
test_case_547,True,True,0.889780350909841,Random Forest no-leakage,black_box,test,0.5,sprint3
test_case_548,True,True,0.9078036733941153,Random Forest no-leakage,black_box,test,0.5,sprint3
test_case_549,True,False,0.3877814158625021,Random Forest no-leakage,black_box,test,0.5,sprint3
test_case_550,True,True,0.9072916981364986,Random Forest no-leakage,black_box,test,0.5,sprint3
test_case_551,True,True,0.9078036733941153,Random Forest no-leakage,black_box,test,0.5,sprint3
test_case_552,True,False,0.4126481486598902,Random Forest no-leakage,black_box,test,0.5,sprint3
test_case_553,True,False,0.4060757756588385,Random Forest no-leakage,black_box,test,0.5,sprint3
test_case_554,True,True,0.9078036733941153,Random Forest no-leakage,black_box,test,0.5,sprint3
test_case_555,True,True,0.9072916981364986,Random Forest no-leakage,black_box,test,0.5,sprint3
test_case_556,True,False,0.4257611846984987,Random Forest no-leakage,black_box,test,0.5,sprint3
test_case_557,False,False,0.3364168439134506,Random Forest no-leakage,black_box,test,0.5,sprint3
test_case_558,False,True,0.5567342711790167,Random Forest no-leakage,black_box,test,0.5,sprint3
test_case_559,True,False,0.4040099955472895,Random Forest no-leakage,black_box,test,0.5,sprint3
test_case_560,True,True,0.9027795902705306,Random Forest no-leakage,black_box,test,0.5,sprint3
test_case_561,False,False,0.4610447441752005,Random Forest no-leakage,black_box,test,0.5,sprint3
test_case_562,False,False,0.3561442657181619,Random Forest no-leakage,black_box,test,0.5,sprint3
test_case_563,True,False,0.3934863890741258,Random Forest no-leakage,black_box,test,0.5,sprint3
test_case_564,True,True,0.8848429092196549,Random Forest no-leakage,black_box,test,0.5,sprint3
test_case_565,True,False,0.40112394971257054,Random Forest no-leakage,black_box,test,0.5,sprint3
test_case_566,True,False,0.4691594920811511,Random Forest no-leakage,black_box,test,0.5,sprint3
test_case_567,False,False,0.46252494159599167,Random Forest no-leakage,black_box,test,0.5,sprint3
test_case_568,False,False,0.3398284859669634,Random Forest no-leakage,black_box,test,0.5,sprint3
test_case_569,True,False,0.3954803777414282,Random Forest no-leakage,black_box,test,0.5,sprint3
test_case_570,True,False,0.3883989821450453,Random Forest no-leakage,black_box,test,0.5,sprint3
test_case_571,True,True,0.9078036733941153,Random Forest no-leakage,black_box,test,0.5,sprint3
test_case_572,True,True,0.8898669923432396,Random Forest no-leakage,black_box,test,0.5,sprint3
test_case_573,True,False,0.3881224523583983,Random Forest no-leakage,black_box,test,0.5,sprint3
test_case_574,True,True,0.9078036733941153,Random Forest no-leakage,black_box,test,0.5,sprint3
test_case_575,True,True,0.8898669923432396,Random Forest no-leakage,black_box,test,0.5,sprint3
test_case_576,True,False,0.4176172027028722,Random Forest no-leakage,black_box,test,0.5,sprint3
test_case_577,True,False,0.3637902408911545,Random Forest no-leakage,black_box,test,0.5,sprint3
test_case_578,True,False,0.41785101074965797,Random Forest no-leakage,black_box,test,0.5,sprint3
test_case_579,True,False,0.4193911097517672,Random Forest no-leakage,black_box,test,0.5,sprint3
test_case_580,True,False,0.4528870909854435,Random Forest no-leakage,black_box,test,0.5,sprint3
test_case_581,True,False,0.4051177653425831,Random Forest no-leakage,black_box,test,0.5,sprint3
test_case_582,True,False,0.41221893280602706,Random Forest no-leakage,black_box,test,0.5,sprint3
test_case_583,True,False,0.41221893280602706,Random Forest no-leakage,black_box,test,0.5,sprint3
test_case_584,True,False,0.41221893280602706,Random Forest no-leakage,black_box,test,0.5,sprint3
test_case_585,True,False,0.41221893280602706,Random Forest no-leakage,black_box,test,0.5,sprint3
test_case_586,True,False,0.41221893280602706,Random Forest no-leakage,black_box,test,0.5,sprint3
test_case_587,True,False,0.41221893280602706,Random Forest no-leakage,black_box,test,0.5,sprint3
test_case_588,True,False,0.41221893280602706,Random Forest no-leakage,black_box,test,0.5,sprint3
test_case_589,True,False,0.41221893280602706,Random Forest no-leakage,black_box,test,0.5,sprint3
test_case_590,True,False,0.41221893280602706,Random Forest no-leakage,black_box,test,0.5,sprint3
test_case_591,True,False,0.41221893280602706,Random Forest no-leakage,black_box,test,0.5,sprint3
test_case_592,True,False,0.41221893280602706,Random Forest no-leakage,black_box,test,0.5,sprint3
test_case_593,True,False,0.41221893280602706,Random Forest no-leakage,black_box,test,0.5,sprint3
test_case_594,True,False,0.41221893280602706,Random Forest no-leakage,black_box,test,0.5,sprint3
test_case_595,True,False,0.41221893280602706,Random Forest no-leakage,black_box,test,0.5,sprint3
test_case_596,True,False,0.41221893280602706,Random Forest no-leakage,black_box,test,0.5,sprint3
test_case_597,True,False,0.41221893280602706,Random Forest no-leakage,black_box,test,0.5,sprint3
test_case_598,True,False,0.41221893280602706,Random Forest no-leakage,black_box,test,0.5,sprint3
test_case_599,True,False,0.41221893280602706,Random Forest no-leakage,black_box,test,0.5,sprint3
test_case_600,True,False,0.41221893280602706,Random Forest no-leakage,black_box,test,0.5,sprint3
test_case_601,True,False,0.41166162957510055,Random Forest no-leakage,black_box,test,0.5,sprint3
test_case_602,True,False,0.41166162957510055,Random Forest no-leakage,black_box,test,0.5,sprint3
test_case_603,True,False,0.41166162957510055,Random Forest no-leakage,black_box,test,0.5,sprint3
test_case_604,True,False,0.41166162957510055,Random Forest no-leakage,black_box,test,0.5,sprint3
test_case_605,True,False,0.41166162957510055,Random Forest no-leakage,black_box,test,0.5,sprint3
test_case_606,True,False,0.41166162957510055,Random Forest no-leakage,black_box,test,0.5,sprint3
test_case_607,False,False,0.441042686177515,Random Forest no-leakage,black_box,test,0.5,sprint3
test_case_608,True,True,0.9072916981364986,Random Forest no-leakage,black_box,test,0.5,sprint3
test_case_609,True,False,0.39217413086118746,Random Forest no-leakage,black_box,test,0.5,sprint3
test_case_610,True,False,0.4562040216642032,Random Forest no-leakage,black_box,test,0.5,sprint3
test_case_611,True,False,0.41313561659309284,Random Forest no-leakage,black_box,test,0.5,sprint3
test_case_612,True,True,0.9003282142414945,Random Forest no-leakage,black_box,test,0.5,sprint3
test_case_613,True,True,0.8966436945953662,Random Forest no-leakage,black_box,test,0.5,sprint3
test_case_614,True,True,0.8898669923432396,Random Forest no-leakage,black_box,test,0.5,sprint3
test_case_615,True,False,0.4967490897190284,Random Forest no-leakage,black_box,test,0.5,sprint3
test_case_616,True,False,0.39891686864162856,Random Forest no-leakage,black_box,test,0.5,sprint3
test_case_617,True,False,0.4223250253072772,Random Forest no-leakage,black_box,test,0.5,sprint3
test_case_618,True,True,0.9072916981364986,Random Forest no-leakage,black_box,test,0.5,sprint3
test_case_619,True,False,0.42378435786590807,Random Forest no-leakage,black_box,test,0.5,sprint3
test_case_620,True,True,0.9072916981364986,Random Forest no-leakage,black_box,test,0.5,sprint3
test_case_621,True,False,0.45851348907706824,Random Forest no-leakage,black_box,test,0.5,sprint3
test_case_622,True,False,0.40167390391629904,Random Forest no-leakage,black_box,test,0.5,sprint3
test_case_623,True,False,0.4160771037007629,Random Forest no-leakage,black_box,test,0.5,sprint3
test_case_624,True,True,0.8898669923432396,Random Forest no-leakage,black_box,test,0.5,sprint3
test_case_625,True,False,0.4879988872980265,Random Forest no-leakage,black_box,test,0.5,sprint3
test_case_626,False,False,0.3145039430409768,Random Forest no-leakage,black_box,test,0.5,sprint3
test_case_627,True,True,0.8904195019148528,Random Forest no-leakage,black_box,test,0.5,sprint3
test_case_628,True,True,0.8998162389838779,Random Forest no-leakage,black_box,test,0.5,sprint3
test_case_629,True,True,0.9072916981364986,Random Forest no-leakage,black_box,test,0.5,sprint3
test_case_630,True,True,0.8998162389838779,Random Forest no-leakage,black_box,test,0.5,sprint3
test_case_631,True,True,0.8998162389838779,Random Forest no-leakage,black_box,test,0.5,sprint3
test_case_632,True,True,0.8998162389838779,Random Forest no-leakage,black_box,test,0.5,sprint3
test_case_633,True,True,0.8998162389838779,Random Forest no-leakage,black_box,test,0.5,sprint3
test_case_634,True,True,0.9077082705387883,Random Forest no-leakage,black_box,test,0.5,sprint3
test_case_635,True,True,0.8998162389838779,Random Forest no-leakage,black_box,test,0.5,sprint3
test_case_636,True,True,0.9072916981364986,Random Forest no-leakage,black_box,test,0.5,sprint3
test_case_637,True,False,0.48839943715970585,Random Forest no-leakage,black_box,test,0.5,sprint3
test_case_638,True,False,0.3656459052870343,Random Forest no-leakage,black_box,test,0.5,sprint3
test_case_639,True,True,0.9072916981364986,Random Forest no-leakage,black_box,test,0.5,sprint3
test_case_640,True,True,0.9081363801585364,Random Forest no-leakage,black_box,test,0.5,sprint3
test_case_641,False,False,0.39636573324785856,Random Forest no-leakage,black_box,test,0.5,sprint3
test_case_642,True,True,0.901067505455985,Random Forest no-leakage,black_box,test,0.5,sprint3
test_case_643,True,False,0.42400744589723516,Random Forest no-leakage,black_box,test,0.5,sprint3
test_case_644,True,True,0.9081363801585364,Random Forest no-leakage,black_box,test,0.5,sprint3
test_case_645,True,False,0.40831930811412254,Random Forest no-leakage,black_box,test,0.5,sprint3
test_case_646,True,True,0.9066674815251068,Random Forest no-leakage,black_box,test,0.5,sprint3
test_case_647,True,False,0.40076839373893114,Random Forest no-leakage,black_box,test,0.5,sprint3
test_case_648,True,True,0.9029829618789784,Random Forest no-leakage,black_box,test,0.5,sprint3
test_case_649,True,True,0.9061555062674901,Random Forest no-leakage,black_box,test,0.5,sprint3
test_case_650,True,False,0.4632168399212588,Random Forest no-leakage,black_box,test,0.5,sprint3
test_case_651,True,True,0.889780350909841,Random Forest no-leakage,black_box,test,0.5,sprint3
test_case_652,True,True,0.889780350909841,Random Forest no-leakage,black_box,test,0.5,sprint3
test_case_653,True,False,0.4227103296085331,Random Forest no-leakage,black_box,test,0.5,sprint3
test_case_654,True,False,0.4452481542711017,Random Forest no-leakage,black_box,test,0.5,sprint3
test_case_655,True,True,0.5876711933875254,Random Forest no-leakage,black_box,test,0.5,sprint3
test_case_656,True,True,0.889780350909841,Random Forest no-leakage,black_box,test,0.5,sprint3
test_case_657,True,True,0.889780350909841,Random Forest no-leakage,black_box,test,0.5,sprint3
test_case_658,True,True,0.9081363801585364,Random Forest no-leakage,black_box,test,0.5,sprint3
test_case_659,True,False,0.4040099955472895,Random Forest no-leakage,black_box,test,0.5,sprint3
test_case_660,True,False,0.4145328689845232,Random Forest no-leakage,black_box,test,0.5,sprint3
test_case_661,True,False,0.38606737291279075,Random Forest no-leakage,black_box,test,0.5,sprint3
test_case_662,True,False,0.39517116712266726,Random Forest no-leakage,black_box,test,0.5,sprint3
test_case_663,False,True,0.5050089194217476,Random Forest no-leakage,black_box,test,0.5,sprint3
test_case_664,True,True,0.9041854499614729,Random Forest no-leakage,black_box,test,0.5,sprint3
test_case_665,True,False,0.461583266651598,Random Forest no-leakage,black_box,test,0.5,sprint3
test_case_666,True,False,0.45628863718055945,Random Forest no-leakage,black_box,test,0.5,sprint3
test_case_667,True,False,0.48768193782141184,Random Forest no-leakage,black_box,test,0.5,sprint3
test_case_668,True,False,0.4769556248197525,Random Forest no-leakage,black_box,test,0.5,sprint3
test_case_669,True,False,0.47329277243437107,Random Forest no-leakage,black_box,test,0.5,sprint3
test_case_670,True,False,0.40076839373893114,Random Forest no-leakage,black_box,test,0.5,sprint3
test_case_671,True,True,0.6833685212311673,Random Forest no-leakage,black_box,test,0.5,sprint3
test_case_672,True,True,0.889780350909841,Random Forest no-leakage,black_box,test,0.5,sprint3
test_case_673,False,True,0.5242701709634505,Random Forest no-leakage,black_box,test,0.5,sprint3
test_case_674,True,True,0.889780350909841,Random Forest no-leakage,black_box,test,0.5,sprint3
test_case_675,True,True,0.5718577089567918,Random Forest no-leakage,black_box,test,0.5,sprint3
test_case_676,True,True,0.9022891185375848,Random Forest no-leakage,black_box,test,0.5,sprint3
test_case_677,True,True,0.889780350909841,Random Forest no-leakage,black_box,test,0.5,sprint3
test_case_678,True,True,0.9022891185375848,Random Forest no-leakage,black_box,test,0.5,sprint3
test_case_679,True,False,0.434184801865156,Random Forest no-leakage,black_box,test,0.5,sprint3
test_case_680,True,True,0.9022891185375848,Random Forest no-leakage,black_box,test,0.5,sprint3
test_case_681,True,False,0.47583735170368135,Random Forest no-leakage,black_box,test,0.5,sprint3
test_case_682,True,False,0.3989859969240965,Random Forest no-leakage,black_box,test,0.5,sprint3
test_case_683,True,True,0.889780350909841,Random Forest no-leakage,black_box,test,0.5,sprint3
test_case_684,True,True,0.9067237828004658,Random Forest no-leakage,black_box,test,0.5,sprint3
test_case_685,True,True,0.8906250329318788,Random Forest no-leakage,black_box,test,0.5,sprint3
test_case_686,True,False,0.4054315960838206,Random Forest no-leakage,black_box,test,0.5,sprint3
test_case_687,True,False,0.43304584527620954,Random Forest no-leakage,black_box,test,0.5,sprint3
test_case_688,True,True,0.9072916981364986,Random Forest no-leakage,black_box,test,0.5,sprint3
test_case_689,True,True,0.9072916981364986,Random Forest no-leakage,black_box,test,0.5,sprint3
test_case_690,True,True,0.9072916981364986,Random Forest no-leakage,black_box,test,0.5,sprint3
test_case_691,True,True,0.9081363801585364,Random Forest no-leakage,black_box,test,0.5,sprint3
test_case_692,True,True,0.9031338005596224,Random Forest no-leakage,black_box,test,0.5,sprint3
test_case_693,True,True,0.889780350909841,Random Forest no-leakage,black_box,test,0.5,sprint3
test_case_694,False,False,0.4601441686207279,Random Forest no-leakage,black_box,test,0.5,sprint3
test_case_695,True,True,0.9072916981364986,Random Forest no-leakage,black_box,test,0.5,sprint3
test_case_696,True,True,0.8906250329318788,Random Forest no-leakage,black_box,test,0.5,sprint3
test_case_697,True,True,0.5430588172652975,Random Forest no-leakage,black_box,test,0.5,sprint3
test_case_698,True,True,0.8927104170701111,Random Forest no-leakage,black_box,test,0.5,sprint3
test_case_699,True,False,0.4665707880527898,Random Forest no-leakage,black_box,test,0.5,sprint3
test_case_700,False,False,0.4372644918884018,Random Forest no-leakage,black_box,test,0.5,sprint3
test_case_701,True,True,0.8906250329318788,Random Forest no-leakage,black_box,test,0.5,sprint3
test_case_702,True,True,0.9081363801585364,Random Forest no-leakage,black_box,test,0.5,sprint3
test_case_703,False,False,0.33165711541003107,Random Forest no-leakage,black_box,test,0.5,sprint3
test_case_704,True,False,0.4052203149859583,Random Forest no-leakage,black_box,test,0.5,sprint3
test_case_705,True,False,0.40699336141955456,Random Forest no-leakage,black_box,test,0.5,sprint3
test_case_706,True,True,0.9081363801585364,Random Forest no-leakage,black_box,test,0.5,sprint3
test_case_707,True,True,0.9050301319835106,Random Forest no-leakage,black_box,test,0.5,sprint3
test_case_708,True,True,0.8906250329318788,Random Forest no-leakage,black_box,test,0.5,sprint3
test_case_709,True,False,0.42400744589723516,Random Forest no-leakage,black_box,test,0.5,sprint3
test_case_710,True,True,0.9081363801585364,Random Forest no-leakage,black_box,test,0.5,sprint3
test_case_711,True,True,0.9027705552353616,Random Forest no-leakage,black_box,test,0.5,sprint3
test_case_712,True,True,0.8906250329318788,Random Forest no-leakage,black_box,test,0.5,sprint3
test_case_713,True,True,0.8998162389838779,Random Forest no-leakage,black_box,test,0.5,sprint3
test_case_714,True,False,0.37503486971131733,Random Forest no-leakage,black_box,test,0.5,sprint3
test_case_715,True,True,0.9072916981364986,Random Forest no-leakage,black_box,test,0.5,sprint3
test_case_716,True,True,0.8998162389838779,Random Forest no-leakage,black_box,test,0.5,sprint3
test_case_717,True,False,0.41628331188105916,Random Forest no-leakage,black_box,test,0.5,sprint3
test_case_718,True,True,0.889780350909841,Random Forest no-leakage,black_box,test,0.5,sprint3
test_case_719,True,False,0.4890247574803076,Random Forest no-leakage,black_box,test,0.5,sprint3
test_case_720,True,True,0.8906250329318788,Random Forest no-leakage,black_box,test,0.5,sprint3
test_case_721,True,True,0.8906250329318788,Random Forest no-leakage,black_box,test,0.5,sprint3
test_case_722,True,True,0.9072916981364986,Random Forest no-leakage,black_box,test,0.5,sprint3
test_case_723,True,True,0.558049427374429,Random Forest no-leakage,black_box,test,0.5,sprint3
test_case_724,True,True,0.6317088889247142,Random Forest no-leakage,black_box,test,0.5,sprint3
test_case_725,True,False,0.40924492342231084,Random Forest no-leakage,black_box,test,0.5,sprint3
test_case_726,True,True,0.9072916981364986,Random Forest no-leakage,black_box,test,0.5,sprint3
test_case_727,True,True,0.9072916981364986,Random Forest no-leakage,black_box,test,0.5,sprint3
test_case_728,False,False,0.4705052025902123,Random Forest no-leakage,black_box,test,0.5,sprint3
test_case_729,True,True,0.9081363801585364,Random Forest no-leakage,black_box,test,0.5,sprint3
test_case_730,True,True,0.9081363801585364,Random Forest no-leakage,black_box,test,0.5,sprint3
test_case_731,True,True,0.889780350909841,Random Forest no-leakage,black_box,test,0.5,sprint3
test_case_732,True,True,0.5642239224866062,Random Forest no-leakage,black_box,test,0.5,sprint3
test_case_733,True,True,0.9081363801585364,Random Forest no-leakage,black_box,test,0.5,sprint3
test_case_734,False,False,0.40469176690050135,Random Forest no-leakage,black_box,test,0.5,sprint3
test_case_735,False,False,0.4406386336249644,Random Forest no-leakage,black_box,test,0.5,sprint3
test_case_736,True,False,0.42551792489316037,Random Forest no-leakage,black_box,test,0.5,sprint3
test_case_737,True,False,0.4040099955472895,Random Forest no-leakage,black_box,test,0.5,sprint3
test_case_738,True,False,0.4053071118359916,Random Forest no-leakage,black_box,test,0.5,sprint3
test_case_739,True,True,0.8906250329318788,Random Forest no-leakage,black_box,test,0.5,sprint3
test_case_740,True,True,0.9072916981364986,Random Forest no-leakage,black_box,test,0.5,sprint3
test_case_741,True,True,0.889780350909841,Random Forest no-leakage,black_box,test,0.5,sprint3
test_case_742,True,False,0.4094226833785566,Random Forest no-leakage,black_box,test,0.5,sprint3
test_case_743,False,False,0.3498876138142716,Random Forest no-leakage,black_box,test,0.5,sprint3
test_case_744,True,False,0.48189332436461646,Random Forest no-leakage,black_box,test,0.5,sprint3
test_case_745,True,True,0.9081363801585364,Random Forest no-leakage,black_box,test,0.5,sprint3
test_case_746,True,True,0.9081363801585364,Random Forest no-leakage,black_box,test,0.5,sprint3
test_case_747,True,False,0.4227103296085331,Random Forest no-leakage,black_box,test,0.5,sprint3
test_case_748,True,False,0.4577861667578068,Random Forest no-leakage,black_box,test,0.5,sprint3
test_case_749,True,False,0.4166831696479609,Random Forest no-leakage,black_box,test,0.5,sprint3
test_case_750,True,False,0.3942129526265299,Random Forest no-leakage,black_box,test,0.5,sprint3
test_case_751,True,True,0.8906250329318788,Random Forest no-leakage,black_box,test,0.5,sprint3
test_case_752,True,True,0.9081363801585364,Random Forest no-leakage,black_box,test,0.5,sprint3
test_case_753,False,False,0.3980409507132482,Random Forest no-leakage,black_box,test,0.5,sprint3
test_case_754,True,False,0.40064183283968136,Random Forest no-leakage,black_box,test,0.5,sprint3
test_case_755,True,False,0.4227103296085331,Random Forest no-leakage,black_box,test,0.5,sprint3
test_case_756,True,True,0.9081363801585364,Random Forest no-leakage,black_box,test,0.5,sprint3
test_case_757,True,True,0.8906250329318788,Random Forest no-leakage,black_box,test,0.5,sprint3
test_case_758,True,True,0.5902451217993164,Random Forest no-leakage,black_box,test,0.5,sprint3
test_case_759,True,True,0.8906250329318788,Random Forest no-leakage,black_box,test,0.5,sprint3
test_case_760,True,True,0.6539212529774673,Random Forest no-leakage,black_box,test,0.5,sprint3
test_case_761,True,False,0.42378435786590807,Random Forest no-leakage,black_box,test,0.5,sprint3
test_case_762,True,False,0.40902860595730545,Random Forest no-leakage,black_box,test,0.5,sprint3
test_case_763,True,True,0.5563854821057714,Random Forest no-leakage,black_box,test,0.5,sprint3
test_case_764,False,False,0.3730877423080402,Random Forest no-leakage,black_box,test,0.5,sprint3
test_case_765,True,False,0.41910523712792885,Random Forest no-leakage,black_box,test,0.5,sprint3
test_case_766,True,False,0.4212522255971603,Random Forest no-leakage,black_box,test,0.5,sprint3
test_case_767,False,False,0.349681819285907,Random Forest no-leakage,black_box,test,0.5,sprint3
test_case_768,True,False,0.42254934188586235,Random Forest no-leakage,black_box,test,0.5,sprint3
test_case_769,True,False,0.4257813529461301,Random Forest no-leakage,black_box,test,0.5,sprint3
test_case_770,True,False,0.4462495629944395,Random Forest no-leakage,black_box,test,0.5,sprint3
test_case_771,True,False,0.4257813529461301,Random Forest no-leakage,black_box,test,0.5,sprint3
test_case_772,True,False,0.4257813529461301,Random Forest no-leakage,black_box,test,0.5,sprint3
test_case_773,True,False,0.42731677823223807,Random Forest no-leakage,black_box,test,0.5,sprint3
test_case_774,False,False,0.3050971891839336,Random Forest no-leakage,black_box,test,0.5,sprint3
test_case_775,True,True,0.9050301319835106,Random Forest no-leakage,black_box,test,0.5,sprint3
test_case_776,True,True,0.9050301319835106,Random Forest no-leakage,black_box,test,0.5,sprint3
test_case_777,True,False,0.4781337892636578,Random Forest no-leakage,black_box,test,0.5,sprint3
test_case_778,True,True,0.9081363801585364,Random Forest no-leakage,black_box,test,0.5,sprint3
test_case_779,True,True,0.8786253597475533,Random Forest no-leakage,black_box,test,0.5,sprint3
test_case_780,True,True,0.9081363801585364,Random Forest no-leakage,black_box,test,0.5,sprint3
test_case_781,False,False,0.37998516002977584,Random Forest no-leakage,black_box,test,0.5,sprint3
test_case_782,True,False,0.43042529238657046,Random Forest no-leakage,black_box,test,0.5,sprint3
test_case_783,True,True,0.5366512868266929,Random Forest no-leakage,black_box,test,0.5,sprint3
test_case_784,True,False,0.4203562783055226,Random Forest no-leakage,black_box,test,0.5,sprint3
test_case_785,True,True,0.7092990213631876,Random Forest no-leakage,black_box,test,0.5,sprint3
test_case_786,False,False,0.3312097438460364,Random Forest no-leakage,black_box,test,0.5,sprint3
test_case_787,True,True,0.8906250329318788,Random Forest no-leakage,black_box,test,0.5,sprint3
test_case_788,True,True,0.9081363801585364,Random Forest no-leakage,black_box,test,0.5,sprint3
test_case_789,False,True,0.6261908394239026,Random Forest no-leakage,black_box,test,0.5,sprint3
test_case_790,False,False,0.3887017515554924,Random Forest no-leakage,black_box,test,0.5,sprint3
test_case_791,True,True,0.9081363801585364,Random Forest no-leakage,black_box,test,0.5,sprint3
test_case_792,True,True,0.8906250329318788,Random Forest no-leakage,black_box,test,0.5,sprint3
test_case_793,True,True,0.9081363801585364,Random Forest no-leakage,black_box,test,0.5,sprint3
test_case_794,True,True,0.8906250329318788,Random Forest no-leakage,black_box,test,0.5,sprint3
test_case_795,True,True,0.9081363801585364,Random Forest no-leakage,black_box,test,0.5,sprint3
test_case_796,True,False,0.3949745686391249,Random Forest no-leakage,black_box,test,0.5,sprint3
test_case_797,True,True,0.9081363801585364,Random Forest no-leakage,black_box,test,0.5,sprint3
test_case_798,True,True,0.8906250329318788,Random Forest no-leakage,black_box,test,0.5,sprint3
test_case_799,True,False,0.3586462903354788,Random Forest no-leakage,black_box,test,0.5,sprint3
test_case_800,True,True,0.9081363801585364,Random Forest no-leakage,black_box,test,0.5,sprint3
test_case_801,True,False,0.4078796089231379,Random Forest no-leakage,black_box,test,0.5,sprint3
test_case_802,True,True,0.50058864359179,Random Forest no-leakage,black_box,test,0.5,sprint3
test_case_803,True,False,0.4108445635335385,Random Forest no-leakage,black_box,test,0.5,sprint3
test_case_804,False,False,0.2891830195239156,Random Forest no-leakage,black_box,test,0.5,sprint3
test_case_805,True,False,0.49545201692560153,Random Forest no-leakage,black_box,test,0.5,sprint3
test_case_806,True,False,0.4786531229869292,Random Forest no-leakage,black_box,test,0.5,sprint3
test_case_807,True,False,0.4746738824207277,Random Forest no-leakage,black_box,test,0.5,sprint3
test_case_808,True,False,0.4416852418179655,Random Forest no-leakage,black_box,test,0.5,sprint3
test_case_809,True,True,0.5012019564025483,Random Forest no-leakage,black_box,test,0.5,sprint3
test_case_810,True,False,0.4707222337247097,Random Forest no-leakage,black_box,test,0.5,sprint3
test_case_811,True,False,0.4647610788667888,Random Forest no-leakage,black_box,test,0.5,sprint3
test_case_812,True,False,0.4120494489322799,Random Forest no-leakage,black_box,test,0.5,sprint3
test_case_813,True,False,0.46606918042070977,Random Forest no-leakage,black_box,test,0.5,sprint3
test_case_814,False,False,0.4150544877095533,Random Forest no-leakage,black_box,test,0.5,sprint3
test_case_815,True,False,0.4742287554638402,Random Forest no-leakage,black_box,test,0.5,sprint3
test_case_816,True,False,0.4550558466550465,Random Forest no-leakage,black_box,test,0.5,sprint3
test_case_817,False,False,0.3430513040850168,Random Forest no-leakage,black_box,test,0.5,sprint3
test_case_818,True,True,0.8906250329318788,Random Forest no-leakage,black_box,test,0.5,sprint3
test_case_819,True,True,0.9081363801585364,Random Forest no-leakage,black_box,test,0.5,sprint3
test_case_820,True,False,0.40415115177005956,Random Forest no-leakage,black_box,test,0.5,sprint3
test_case_821,True,False,0.4227103296085331,Random Forest no-leakage,black_box,test,0.5,sprint3
test_case_822,True,False,0.4227103296085331,Random Forest no-leakage,black_box,test,0.5,sprint3
test_case_823,True,False,0.447987782012458,Random Forest no-leakage,black_box,test,0.5,sprint3
test_case_824,True,True,0.5751709812692786,Random Forest no-leakage,black_box,test,0.5,sprint3
test_case_825,False,False,0.4521022333284699,Random Forest no-leakage,black_box,test,0.5,sprint3
test_case_826,True,False,0.47461613020603477,Random Forest no-leakage,black_box,test,0.5,sprint3
test_case_827,True,True,0.8906250329318788,Random Forest no-leakage,black_box,test,0.5,sprint3
test_case_828,True,False,0.4227103296085331,Random Forest no-leakage,black_box,test,0.5,sprint3
test_case_829,False,False,0.4062813177575737,Random Forest no-leakage,black_box,test,0.5,sprint3
test_case_830,False,False,0.3980409507132482,Random Forest no-leakage,black_box,test,0.5,sprint3
test_case_831,False,False,0.4908102088786054,Random Forest no-leakage,black_box,test,0.5,sprint3
test_case_832,True,True,0.9081363801585364,Random Forest no-leakage,black_box,test,0.5,sprint3
test_case_833,True,False,0.4770811182622385,Random Forest no-leakage,black_box,test,0.5,sprint3
test_case_834,True,True,0.5649379661236448,Random Forest no-leakage,black_box,test,0.5,sprint3
test_case_835,True,True,0.9081363801585364,Random Forest no-leakage,black_box,test,0.5,sprint3
test_case_836,True,False,0.44343925351087804,Random Forest no-leakage,black_box,test,0.5,sprint3
test_case_837,False,False,0.45159900568051115,Random Forest no-leakage,black_box,test,0.5,sprint3
test_case_838,True,False,0.3009337177112806,Random Forest no-leakage,black_box,test,0.5,sprint3
test_case_839,False,False,0.36395720644700313,Random Forest no-leakage,black_box,test,0.5,sprint3
test_case_840,True,False,0.4898806828443615,Random Forest no-leakage,black_box,test,0.5,sprint3
test_case_841,False,True,0.503753289519904,Random Forest no-leakage,black_box,test,0.5,sprint3
test_case_842,True,False,0.4385867158817447,Random Forest no-leakage,black_box,test,0.5,sprint3
test_case_843,False,False,0.37872395079439225,Random Forest no-leakage,black_box,test,0.5,sprint3
test_case_844,True,False,0.4227103296085331,Random Forest no-leakage,black_box,test,0.5,sprint3
test_case_845,True,False,0.4729770876940958,Random Forest no-leakage,black_box,test,0.5,sprint3
test_case_846,True,True,0.9081363801585364,Random Forest no-leakage,black_box,test,0.5,sprint3
test_case_847,True,True,0.9081363801585364,Random Forest no-leakage,black_box,test,0.5,sprint3
test_case_848,True,True,0.9081363801585364,Random Forest no-leakage,black_box,test,0.5,sprint3
test_case_849,True,True,0.8906250329318788,Random Forest no-leakage,black_box,test,0.5,sprint3
test_case_850,False,False,0.4510865159939373,Random Forest no-leakage,black_box,test,0.5,sprint3
test_case_851,True,True,0.9081363801585364,Random Forest no-leakage,black_box,test,0.5,sprint3
test_case_852,False,False,0.40673794833617777,Random Forest no-leakage,black_box,test,0.5,sprint3
test_case_853,True,True,0.9081363801585364,Random Forest no-leakage,black_box,test,0.5,sprint3
test_case_854,True,True,0.8906250329318788,Random Forest no-leakage,black_box,test,0.5,sprint3
test_case_855,True,True,0.8906250329318788,Random Forest no-leakage,black_box,test,0.5,sprint3
test_case_856,True,True,0.8906250329318788,Random Forest no-leakage,black_box,test,0.5,sprint3
test_case_857,True,True,0.8906250329318788,Random Forest no-leakage,black_box,test,0.5,sprint3
test_case_858,False,False,0.3755688039168961,Random Forest no-leakage,black_box,test,0.5,sprint3
test_case_859,True,True,0.8906250329318788,Random Forest no-leakage,black_box,test,0.5,sprint3
test_case_860,True,True,0.8944763946864596,Random Forest no-leakage,black_box,test,0.5,sprint3
test_case_861,True,False,0.43834750336166484,Random Forest no-leakage,black_box,test,0.5,sprint3
test_case_862,True,True,0.5615643891841858,Random Forest no-leakage,black_box,test,0.5,sprint3
test_case_863,True,True,0.5981516584666423,Random Forest no-leakage,black_box,test,0.5,sprint3
test_case_864,True,True,0.9006609210059157,Random Forest no-leakage,black_box,test,0.5,sprint3
test_case_865,True,True,0.8906250329318788,Random Forest no-leakage,black_box,test,0.5,sprint3
test_case_866,False,False,0.3743012889771897,Random Forest no-leakage,black_box,test,0.5,sprint3
test_case_867,False,False,0.43827598777841464,Random Forest no-leakage,black_box,test,0.5,sprint3
test_case_868,True,True,0.6099862280388281,Random Forest no-leakage,black_box,test,0.5,sprint3
test_case_869,True,True,0.5041823397224899,Random Forest no-leakage,black_box,test,0.5,sprint3
test_case_870,True,True,0.9081363801585364,Random Forest no-leakage,black_box,test,0.5,sprint3
test_case_871,True,True,0.5615643891841858,Random Forest no-leakage,black_box,test,0.5,sprint3
test_case_872,True,False,0.42737032600499697,Random Forest no-leakage,black_box,test,0.5,sprint3
test_case_873,True,False,0.48238770741904274,Random Forest no-leakage,black_box,test,0.5,sprint3
test_case_874,True,True,0.9050301319835106,Random Forest no-leakage,black_box,test,0.5,sprint3
test_case_875,True,True,0.8906250329318788,Random Forest no-leakage,black_box,test,0.5,sprint3
test_case_876,False,False,0.4109398496872236,Random Forest no-leakage,black_box,test,0.5,sprint3
test_case_877,True,True,0.9050301319835106,Random Forest no-leakage,black_box,test,0.5,sprint3
test_case_878,True,False,0.4772006477232682,Random Forest no-leakage,black_box,test,0.5,sprint3
test_case_879,True,True,0.8906250329318788,Random Forest no-leakage,black_box,test,0.5,sprint3
test_case_880,True,True,0.9081363801585364,Random Forest no-leakage,black_box,test,0.5,sprint3
test_case_881,True,False,0.4925409066465471,Random Forest no-leakage,black_box,test,0.5,sprint3
test_case_882,True,True,0.9081363801585364,Random Forest no-leakage,black_box,test,0.5,sprint3
test_case_883,True,True,0.9050301319835106,Random Forest no-leakage,black_box,test,0.5,sprint3
test_case_884,True,True,0.9081363801585364,Random Forest no-leakage,black_box,test,0.5,sprint3
test_case_885,True,True,0.8944740414633295,Random Forest no-leakage,black_box,test,0.5,sprint3
test_case_886,False,False,0.33948858486772693,Random Forest no-leakage,black_box,test,0.5,sprint3
test_case_887,True,True,0.8906250329318788,Random Forest no-leakage,black_box,test,0.5,sprint3
test_case_888,True,True,0.5376778302300133,Random Forest no-leakage,black_box,test,0.5,sprint3
test_case_889,True,True,0.5258846890444714,Random Forest no-leakage,black_box,test,0.5,sprint3
test_case_890,True,False,0.42400744589723516,Random Forest no-leakage,black_box,test,0.5,sprint3
test_case_891,True,True,0.8906555603858506,Random Forest no-leakage,black_box,test,0.5,sprint3
test_case_892,True,True,0.9006914484598875,Random Forest no-leakage,black_box,test,0.5,sprint3
test_case_893,True,True,0.9006914484598875,Random Forest no-leakage,black_box,test,0.5,sprint3
test_case_894,True,True,0.8906555603858506,Random Forest no-leakage,black_box,test,0.5,sprint3
test_case_895,True,True,0.9081387333816664,Random Forest no-leakage,black_box,test,0.5,sprint3
test_case_896,True,False,0.48994000539061455,Random Forest no-leakage,black_box,test,0.5,sprint3
test_case_897,False,False,0.46621592050667976,Random Forest no-leakage,black_box,test,0.5,sprint3
test_case_898,False,True,0.5654986633326056,Random Forest no-leakage,black_box,test,0.5,sprint3
test_case_899,True,True,0.9081363801585364,Random Forest no-leakage,black_box,test,0.5,sprint3
test_case_900,True,True,0.8906250329318788,Random Forest no-leakage,black_box,test,0.5,sprint3
test_case_901,True,False,0.4610016508032308,Random Forest no-leakage,black_box,test,0.5,sprint3
test_case_902,True,False,0.45025650407066714,Random Forest no-leakage,black_box,test,0.5,sprint3
test_case_903,False,False,0.4366901680904525,Random Forest no-leakage,black_box,test,0.5,sprint3
test_case_904,True,False,0.4214016000367243,Random Forest no-leakage,black_box,test,0.5,sprint3
test_case_905,True,True,0.9081363801585364,Random Forest no-leakage,black_box,test,0.5,sprint3
test_case_906,True,False,0.42609708672115765,Random Forest no-leakage,black_box,test,0.5,sprint3
test_case_907,False,False,0.3875185147313712,Random Forest no-leakage,black_box,test,0.5,sprint3
test_case_908,True,True,0.9081363801585364,Random Forest no-leakage,black_box,test,0.5,sprint3
test_case_909,False,True,0.5676412091646772,Random Forest no-leakage,black_box,test,0.5,sprint3
test_case_910,True,False,0.4278994029419826,Random Forest no-leakage,black_box,test,0.5,sprint3
test_case_911,True,True,0.5071222858269729,Random Forest no-leakage,black_box,test,0.5,sprint3
test_case_912,True,False,0.4950369577818822,Random Forest no-leakage,black_box,test,0.5,sprint3
test_case_913,True,False,0.4783080411758348,Random Forest no-leakage,black_box,test,0.5,sprint3
test_case_914,True,False,0.47354128659798517,Random Forest no-leakage,black_box,test,0.5,sprint3
test_case_915,True,True,0.9081363801585364,Random Forest no-leakage,black_box,test,0.5,sprint3
test_case_916,True,True,0.9081669076125083,Random Forest no-leakage,black_box,test,0.5,sprint3
test_case_917,False,False,0.47102535294006975,Random Forest no-leakage,black_box,test,0.5,sprint3
test_case_918,True,False,0.41697457214867145,Random Forest no-leakage,black_box,test,0.5,sprint3
test_case_919,True,True,0.8906250329318788,Random Forest no-leakage,black_box,test,0.5,sprint3
test_case_920,False,False,0.3744474207371684,Random Forest no-leakage,black_box,test,0.5,sprint3
test_case_921,False,True,0.5066424170205185,Random Forest no-leakage,black_box,test,0.5,sprint3
test_case_922,False,False,0.3964371993757527,Random Forest no-leakage,black_box,test,0.5,sprint3
test_case_923,True,False,0.38072409189713563,Random Forest no-leakage,black_box,test,0.5,sprint3
test_case_924,True,True,0.5640679393941611,Random Forest no-leakage,black_box,test,0.5,sprint3
test_case_925,False,False,0.43501846301721186,Random Forest no-leakage,black_box,test,0.5,sprint3
test_case_926,True,False,0.45365259062361735,Random Forest no-leakage,black_box,test,0.5,sprint3
test_case_927,False,False,0.429334259869927,Random Forest no-leakage,black_box,test,0.5,sprint3
test_case_928,True,False,0.4643645309109925,Random Forest no-leakage,black_box,test,0.5,sprint3
test_case_929,True,False,0.4643645309109925,Random Forest no-leakage,black_box,test,0.5,sprint3
test_case_930,True,True,0.9081669076125083,Random Forest no-leakage,black_box,test,0.5,sprint3
test_case_931,True,True,0.8906555603858506,Random Forest no-leakage,black_box,test,0.5,sprint3
test_case_932,True,True,0.8906555603858506,Random Forest no-leakage,black_box,test,0.5,sprint3
test_case_933,True,True,0.8906555603858506,Random Forest no-leakage,black_box,test,0.5,sprint3
test_case_934,True,False,0.4924282831858473,Random Forest no-leakage,black_box,test,0.5,sprint3
test_case_935,True,True,0.9050301319835106,Random Forest no-leakage,black_box,test,0.5,sprint3
test_case_936,True,True,0.9050301319835106,Random Forest no-leakage,black_box,test,0.5,sprint3
test_case_937,True,True,0.9050301319835106,Random Forest no-leakage,black_box,test,0.5,sprint3
test_case_938,True,True,0.9050301319835106,Random Forest no-leakage,black_box,test,0.5,sprint3
test_case_939,True,False,0.481837082881604,Random Forest no-leakage,black_box,test,0.5,sprint3
test_case_940,False,False,0.3711437644747424,Random Forest no-leakage,black_box,test,0.5,sprint3
test_case_941,True,True,0.9081363801585364,Random Forest no-leakage,black_box,test,0.5,sprint3
test_case_942,True,True,0.5052120723094096,Random Forest no-leakage,black_box,test,0.5,sprint3
test_case_943,True,True,0.5658574857487312,Random Forest no-leakage,black_box,test,0.5,sprint3
test_case_944,False,True,0.5117435993906352,Random Forest no-leakage,black_box,test,0.5,sprint3
test_case_945,True,True,0.5327322344487934,Random Forest no-leakage,black_box,test,0.5,sprint3
test_case_946,True,False,0.49164320238153103,Random Forest no-leakage,black_box,test,0.5,sprint3
test_case_947,False,False,0.43397422364304966,Random Forest no-leakage,black_box,test,0.5,sprint3
test_case_948,True,True,0.8998715648515692,Random Forest no-leakage,black_box,test,0.5,sprint3
test_case_949,True,False,0.48768193782141184,Random Forest no-leakage,black_box,test,0.5,sprint3
test_case_950,True,True,0.5925579699721856,Random Forest no-leakage,black_box,test,0.5,sprint3
test_case_951,True,False,0.49674729720647676,Random Forest no-leakage,black_box,test,0.5,sprint3
test_case_952,True,False,0.4587073026862292,Random Forest no-leakage,black_box,test,0.5,sprint3
test_case_953,True,True,0.8944763946864596,Random Forest no-leakage,black_box,test,0.5,sprint3
test_case_954,True,True,0.5006741407485579,Random Forest no-leakage,black_box,test,0.5,sprint3
test_case_955,True,True,0.9050324852066406,Random Forest no-leakage,black_box,test,0.5,sprint3
test_case_956,True,True,0.908555305783956,Random Forest no-leakage,black_box,test,0.5,sprint3
test_case_957,True,False,0.4612446983100953,Random Forest no-leakage,black_box,test,0.5,sprint3
test_case_958,True,False,0.4246253928801981,Random Forest no-leakage,black_box,test,0.5,sprint3
test_case_959,True,False,0.4611591745067997,Random Forest no-leakage,black_box,test,0.5,sprint3
test_case_960,True,False,0.4723105800071815,Random Forest no-leakage,black_box,test,0.5,sprint3
test_case_961,True,False,0.43713243645795,Random Forest no-leakage,black_box,test,0.5,sprint3
test_case_962,True,False,0.41976800855709234,Random Forest no-leakage,black_box,test,0.5,sprint3
test_case_963,True,False,0.44264060600774663,Random Forest no-leakage,black_box,test,0.5,sprint3
test_case_964,True,False,0.4526062784027336,Random Forest no-leakage,black_box,test,0.5,sprint3
test_case_965,True,False,0.45954086598254834,Random Forest no-leakage,black_box,test,0.5,sprint3
test_case_966,True,True,0.9081363801585364,Random Forest no-leakage,black_box,test,0.5,sprint3
test_case_967,True,False,0.4653729017293371,Random Forest no-leakage,black_box,test,0.5,sprint3
test_case_968,True,False,0.40415115177005956,Random Forest no-leakage,black_box,test,0.5,sprint3
test_case_969,False,False,0.2773399680716693,Random Forest no-leakage,black_box,test,0.5,sprint3
test_case_970,True,False,0.40415115177005956,Random Forest no-leakage,black_box,test,0.5,sprint3
test_case_971,True,False,0.41166753997416206,Random Forest no-leakage,black_box,test,0.5,sprint3
test_case_972,False,False,0.38545734633906775,Random Forest no-leakage,black_box,test,0.5,sprint3
test_case_973,True,False,0.44516317623991875,Random Forest no-leakage,black_box,test,0.5,sprint3
test_case_974,True,False,0.45487018359143766,Random Forest no-leakage,black_box,test,0.5,sprint3
test_case_975,False,False,0.3990769494964739,Random Forest no-leakage,black_box,test,0.5,sprint3
test_case_976,True,True,0.625902536125081,Random Forest no-leakage,black_box,test,0.5,sprint3
test_case_977,True,True,0.9105535363208151,Random Forest no-leakage,black_box,test,0.5,sprint3
test_case_978,True,True,0.9050301319835106,Random Forest no-leakage,black_box,test,0.5,sprint3
test_case_979,False,False,0.4352307211966678,Random Forest no-leakage,black_box,test,0.5,sprint3
test_case_980,True,False,0.39633377817592824,Random Forest no-leakage,black_box,test,0.5,sprint3
test_case_981,True,True,0.5263859277697657,Random Forest no-leakage,black_box,test,0.5,sprint3
test_case_982,True,False,0.4485737022392488,Random Forest no-leakage,black_box,test,0.5,sprint3
test_case_983,True,True,0.9081669076125083,Random Forest no-leakage,black_box,test,0.5,sprint3
test_case_984,True,True,0.9081669076125083,Random Forest no-leakage,black_box,test,0.5,sprint3
test_case_985,True,False,0.4152756366503685,Random Forest no-leakage,black_box,test,0.5,sprint3
test_case_986,True,True,0.9081387333816664,Random Forest no-leakage,black_box,test,0.5,sprint3
test_case_987,False,False,0.38141466301132004,Random Forest no-leakage,black_box,test,0.5,sprint3
test_case_988,False,False,0.4667792148380619,Random Forest no-leakage,black_box,test,0.5,sprint3
test_case_989,True,False,0.34596297175801505,Random Forest no-leakage,black_box,test,0.5,sprint3
test_case_990,True,True,0.5212179033336621,Random Forest no-leakage,black_box,test,0.5,sprint3
test_case_991,True,True,0.9081363801585364,Random Forest no-leakage,black_box,test,0.5,sprint3
test_case_992,True,True,0.9050301319835106,Random Forest no-leakage,black_box,test,0.5,sprint3
test_case_993,True,True,0.9006914484598875,Random Forest no-leakage,black_box,test,0.5,sprint3
test_case_994,True,False,0.49228512596814744,Random Forest no-leakage,black_box,test,0.5,sprint3
test_case_995,True,True,0.5068220888380454,Random Forest no-leakage,black_box,test,0.5,sprint3
test_case_996,True,True,0.5472724355862923,Random Forest no-leakage,black_box,test,0.5,sprint3
test_case_997,True,False,0.4836338405075305,Random Forest no-leakage,black_box,test,0.5,sprint3
test_case_998,True,True,0.9050606594374824,Random Forest no-leakage,black_box,test,0.5,sprint3
test_case_999,True,False,0.42864634356640174,Random Forest no-leakage,black_box,test,0.5,sprint3
test_case_1000,False,False,0.3568966420117583,Random Forest no-leakage,black_box,test,0.5,sprint3
test_case_1001,False,True,0.5382133647006033,Random Forest no-leakage,black_box,test,0.5,sprint3
test_case_1002,True,True,0.9081363801585364,Random Forest no-leakage,black_box,test,0.5,sprint3
test_case_1003,True,True,0.5919317197350431,Random Forest no-leakage,black_box,test,0.5,sprint3
test_case_1004,True,True,0.9081669076125083,Random Forest no-leakage,black_box,test,0.5,sprint3
test_case_1005,True,True,0.5903717247334763,Random Forest no-leakage,black_box,test,0.5,sprint3
test_case_1006,True,True,0.5773530337246684,Random Forest no-leakage,black_box,test,0.5,sprint3
test_case_1007,True,True,0.5872261704721875,Random Forest no-leakage,black_box,test,0.5,sprint3
test_case_1008,True,True,0.9081669076125083,Random Forest no-leakage,black_box,test,0.5,sprint3
test_case_1009,True,True,0.9081669076125083,Random Forest no-leakage,black_box,test,0.5,sprint3
test_case_1010,True,True,0.9081387333816664,Random Forest no-leakage,black_box,test,0.5,sprint3
test_case_1011,True,False,0.4344036784000528,Random Forest no-leakage,black_box,test,0.5,sprint3
test_case_1012,True,True,0.9050301319835106,Random Forest no-leakage,black_box,test,0.5,sprint3
test_case_1013,True,True,0.8944763946864596,Random Forest no-leakage,black_box,test,0.5,sprint3
test_case_1014,True,True,0.9006914484598875,Random Forest no-leakage,black_box,test,0.5,sprint3
test_case_1015,True,True,0.9081669076125083,Random Forest no-leakage,black_box,test,0.5,sprint3
test_case_1016,False,False,0.4540869586777603,Random Forest no-leakage,black_box,test,0.5,sprint3
test_case_1017,True,True,0.5011505422984299,Random Forest no-leakage,black_box,test,0.5,sprint3
test_case_1018,True,True,0.9050324852066406,Random Forest no-leakage,black_box,test,0.5,sprint3
test_case_1019,False,False,0.401163738425268,Random Forest no-leakage,black_box,test,0.5,sprint3
test_case_1020,True,True,0.5130311241323829,Random Forest no-leakage,black_box,test,0.5,sprint3
test_case_1021,True,True,0.9050606594374824,Random Forest no-leakage,black_box,test,0.5,sprint3
test_case_1022,True,True,0.9050606594374824,Random Forest no-leakage,black_box,test,0.5,sprint3
test_case_1023,True,False,0.3990769494964739,Random Forest no-leakage,black_box,test,0.5,sprint3
test_case_1024,False,False,0.4165190090493862,Random Forest no-leakage,black_box,test,0.5,sprint3
test_case_1025,True,True,0.9050324852066406,Random Forest no-leakage,black_box,test,0.5,sprint3
test_case_1026,True,True,0.9050324852066406,Random Forest no-leakage,black_box,test,0.5,sprint3
test_case_1027,True,True,0.5330191316052862,Random Forest no-leakage,black_box,test,0.5,sprint3
test_case_1028,True,True,0.9050606594374824,Random Forest no-leakage,black_box,test,0.5,sprint3
test_case_1029,True,True,0.5124115492995448,Random Forest no-leakage,black_box,test,0.5,sprint3
test_case_1030,True,False,0.4917806156344405,Random Forest no-leakage,black_box,test,0.5,sprint3
test_case_1031,True,True,0.9050606594374824,Random Forest no-leakage,black_box,test,0.5,sprint3
test_case_1032,True,True,0.9050324852066406,Random Forest no-leakage,black_box,test,0.5,sprint3
test_case_1033,False,False,0.4933287068656794,Random Forest no-leakage,black_box,test,0.5,sprint3
test_case_1034,True,True,0.5348254660496417,Random Forest no-leakage,black_box,test,0.5,sprint3
test_case_1035,True,True,0.5418827096723667,Random Forest no-leakage,black_box,test,0.5,sprint3
test_case_1036,False,False,0.4351313166764793,Random Forest no-leakage,black_box,test,0.5,sprint3
test_case_1037,True,True,0.9050606594374824,Random Forest no-leakage,black_box,test,0.5,sprint3
test_case_1038,True,True,0.9081387333816664,Random Forest no-leakage,black_box,test,0.5,sprint3
test_case_1039,False,False,0.334951109487232,Random Forest no-leakage,black_box,test,0.5,sprint3
test_case_1040,True,True,0.9081669076125083,Random Forest no-leakage,black_box,test,0.5,sprint3
test_case_1041,True,True,0.9081669076125083,Random Forest no-leakage,black_box,test,0.5,sprint3
test_case_1042,True,True,0.9050606594374824,Random Forest no-leakage,black_box,test,0.5,sprint3
test_case_1043,True,False,0.48989487722171887,Random Forest no-leakage,black_box,test,0.5,sprint3
test_case_1044,True,False,0.4628349192891779,Random Forest no-leakage,black_box,test,0.5,sprint3
test_case_1045,True,False,0.4639824710255562,Random Forest no-leakage,black_box,test,0.5,sprint3
test_case_1046,True,True,0.9050324852066406,Random Forest no-leakage,black_box,test,0.5,sprint3
test_case_1047,True,True,0.9081387333816664,Random Forest no-leakage,black_box,test,0.5,sprint3
test_case_1048,True,True,0.9105253620899734,Random Forest no-leakage,black_box,test,0.5,sprint3
test_case_1049,False,False,0.46782438536665216,Random Forest no-leakage,black_box,test,0.5,sprint3
test_case_1050,True,True,0.5058017804085101,Random Forest no-leakage,black_box,test,0.5,sprint3
test_case_1051,True,True,0.8149981146695683,Random Forest no-leakage,black_box,test,0.5,sprint3
test_case_1052,False,False,0.263772568403173,Random Forest no-leakage,black_box,test,0.5,sprint3
test_case_1053,False,False,0.46314109579253687,Random Forest no-leakage,black_box,test,0.5,sprint3
test_case_1054,True,True,0.5898042659104068,Random Forest no-leakage,black_box,test,0.5,sprint3
test_case_1055,True,False,0.49650992423148005,Random Forest no-leakage,black_box,test,0.5,sprint3
test_case_1056,False,True,0.5324861108052908,Random Forest no-leakage,black_box,test,0.5,sprint3
test_case_1057,True,True,0.5898042659104068,Random Forest no-leakage,black_box,test,0.5,sprint3
test_case_1058,True,True,0.5124115492995448,Random Forest no-leakage,black_box,test,0.5,sprint3
test_case_1059,False,False,0.4230361270177031,Random Forest no-leakage,black_box,test,0.5,sprint3
test_case_1060,True,False,0.32659545221784475,Random Forest no-leakage,black_box,test,0.5,sprint3
test_case_1061,True,True,0.8472669648664172,Random Forest no-leakage,black_box,test,0.5,sprint3
test_case_1062,False,False,0.28729502933460027,Random Forest no-leakage,black_box,test,0.5,sprint3
test_case_1063,True,True,0.8906273861550088,Random Forest no-leakage,black_box,test,0.5,sprint3
test_case_1064,True,True,0.9050606594374824,Random Forest no-leakage,black_box,test,0.5,sprint3
test_case_1065,True,True,0.9050324852066406,Random Forest no-leakage,black_box,test,0.5,sprint3
test_case_1066,True,True,0.9050324852066406,Random Forest no-leakage,black_box,test,0.5,sprint3
test_case_1067,True,True,0.5010722595516622,Random Forest no-leakage,black_box,test,0.5,sprint3
test_case_1068,True,True,0.9050324852066406,Random Forest no-leakage,black_box,test,0.5,sprint3
test_case_1069,True,True,0.9050324852066406,Random Forest no-leakage,black_box,test,0.5,sprint3
test_case_1070,True,True,0.8988082925261272,Random Forest no-leakage,black_box,test,0.5,sprint3
test_case_1071,True,True,0.5030684985795729,Random Forest no-leakage,black_box,test,0.5,sprint3
test_case_1072,True,True,0.9050324852066406,Random Forest no-leakage,black_box,test,0.5,sprint3
test_case_1073,True,False,0.48282637826416597,Random Forest no-leakage,black_box,test,0.5,sprint3
test_case_1074,True,True,0.5209867933890608,Random Forest no-leakage,black_box,test,0.5,sprint3
test_case_1075,True,True,0.5712374593713231,Random Forest no-leakage,black_box,test,0.5,sprint3
test_case_1076,True,True,0.908555305783956,Random Forest no-leakage,black_box,test,0.5,sprint3
test_case_1077,True,True,0.908555305783956,Random Forest no-leakage,black_box,test,0.5,sprint3
test_case_1078,True,True,0.6200133142463804,Random Forest no-leakage,black_box,test,0.5,sprint3
test_case_1079,True,False,0.45851307473064473,Random Forest no-leakage,black_box,test,0.5,sprint3
test_case_1080,True,True,0.5682378877379063,Random Forest no-leakage,black_box,test,0.5,sprint3
test_case_1081,True,True,0.9081387333816664,Random Forest no-leakage,black_box,test,0.5,sprint3
test_case_1082,True,True,0.9081387333816664,Random Forest no-leakage,black_box,test,0.5,sprint3
test_case_1083,True,True,0.9050324852066406,Random Forest no-leakage,black_box,test,0.5,sprint3
test_case_1084,True,True,0.9050324852066406,Random Forest no-leakage,black_box,test,0.5,sprint3
test_case_1085,True,True,0.9050324852066406,Random Forest no-leakage,black_box,test,0.5,sprint3
test_case_1086,True,True,0.8277889429407742,Random Forest no-leakage,black_box,test,0.5,sprint3
test_case_1087,True,False,0.4598613017113059,Random Forest no-leakage,black_box,test,0.5,sprint3
test_case_1088,True,False,0.461182184292137,Random Forest no-leakage,black_box,test,0.5,sprint3
test_case_1089,True,False,0.45516507999135053,Random Forest no-leakage,black_box,test,0.5,sprint3
test_case_1090,True,False,0.43513445546910035,Random Forest no-leakage,black_box,test,0.5,sprint3
test_case_1091,True,False,0.4660965082042352,Random Forest no-leakage,black_box,test,0.5,sprint3
test_case_1092,True,False,0.4598613017113059,Random Forest no-leakage,black_box,test,0.5,sprint3
test_case_1093,True,False,0.4598613017113059,Random Forest no-leakage,black_box,test,0.5,sprint3
test_case_1094,True,False,0.4598613017113059,Random Forest no-leakage,black_box,test,0.5,sprint3
test_case_1095,True,True,0.9081387333816664,Random Forest no-leakage,black_box,test,0.5,sprint3
test_case_1096,True,True,0.5348254660496417,Random Forest no-leakage,black_box,test,0.5,sprint3
test_case_1097,True,True,0.8988082925261272,Random Forest no-leakage,black_box,test,0.5,sprint3
test_case_1098,True,True,0.8988082925261272,Random Forest no-leakage,black_box,test,0.5,sprint3
test_case_1099,True,False,0.49261195251431794,Random Forest no-leakage,black_box,test,0.5,sprint3
test_case_1100,True,True,0.9081387333816664,Random Forest no-leakage,black_box,test,0.5,sprint3
test_case_1101,True,True,0.9081387333816664,Random Forest no-leakage,black_box,test,0.5,sprint3
test_case_1102,True,False,0.3106975630216659,Random Forest no-leakage,black_box,test,0.5,sprint3
test_case_1103,True,True,0.5024769447947309,Random Forest no-leakage,black_box,test,0.5,sprint3
test_case_1104,False,False,0.32790672043848795,Random Forest no-leakage,black_box,test,0.5,sprint3
test_case_1105,False,False,0.4799392183761442,Random Forest no-leakage,black_box,test,0.5,sprint3
test_case_1106,True,True,0.8472669648664172,Random Forest no-leakage,black_box,test,0.5,sprint3
test_case_1107,True,True,0.8472669648664172,Random Forest no-leakage,black_box,test,0.5,sprint3
test_case_1108,True,True,0.9050324852066406,Random Forest no-leakage,black_box,test,0.5,sprint3
test_case_1109,True,True,0.8564693778387193,Random Forest no-leakage,black_box,test,0.5,sprint3
test_case_1110,False,False,0.49305717466691346,Random Forest no-leakage,black_box,test,0.5,sprint3
test_case_1111,True,True,0.6095378845004327,Random Forest no-leakage,black_box,test,0.5,sprint3
test_case_1112,False,False,0.26224373537746826,Random Forest no-leakage,black_box,test,0.5,sprint3
test_case_1113,True,True,0.9081387333816664,Random Forest no-leakage,black_box,test,0.5,sprint3
test_case_1114,True,True,0.5526235170359287,Random Forest no-leakage,black_box,test,0.5,sprint3
test_case_1115,True,True,0.8612149044829198,Random Forest no-leakage,black_box,test,0.5,sprint3
test_case_1116,True,True,0.8504034131302568,Random Forest no-leakage,black_box,test,0.5,sprint3
test_case_1117,True,False,0.37812877612875573,Random Forest no-leakage,black_box,test,0.5,sprint3
test_case_1118,True,True,0.8549531239206374,Random Forest no-leakage,black_box,test,0.5,sprint3
test_case_1119,True,True,0.855048687806463,Random Forest no-leakage,black_box,test,0.5,sprint3
test_case_1120,True,False,0.3937465444158583,Random Forest no-leakage,black_box,test,0.5,sprint3
test_case_1121,True,True,0.8271161756027036,Random Forest no-leakage,black_box,test,0.5,sprint3
test_case_1122,False,False,0.30835850325667913,Random Forest no-leakage,black_box,test,0.5,sprint3
test_case_1123,True,False,0.31823632488569986,Random Forest no-leakage,black_box,test,0.5,sprint3
test_case_1124,True,True,0.7538314522787148,Random Forest no-leakage,black_box,test,0.5,sprint3
test_case_1125,True,False,0.4950711218609813,Random Forest no-leakage,black_box,test,0.5,sprint3
test_case_1126,False,False,0.37085345890945304,Random Forest no-leakage,black_box,test,0.5,sprint3
test_case_1127,True,True,0.7538314522787148,Random Forest no-leakage,black_box,test,0.5,sprint3
test_case_1128,True,True,0.8277889429407742,Random Forest no-leakage,black_box,test,0.5,sprint3
test_case_1129,True,True,0.6125409811814745,Random Forest no-leakage,black_box,test,0.5,sprint3
test_case_1130,True,True,0.6095378845004327,Random Forest no-leakage,black_box,test,0.5,sprint3
test_case_1131,True,True,0.8594368990675195,Random Forest no-leakage,black_box,test,0.5,sprint3
test_case_1132,True,True,0.8593850257995526,Random Forest no-leakage,black_box,test,0.5,sprint3
test_case_1133,True,False,0.47154560245018884,Random Forest no-leakage,black_box,test,0.5,sprint3
